INFO     Model is compiled!
INFO     Model is compiled!
INFO     Model is compiled!
INFO     Train epoch: 0 step: 1 Tokens seen: 128 Train Loss: 11.133286476135254
INFO     Train epoch: 0 step: 2 Tokens seen: 256 Train Loss: 11.239572525024414
INFO     Train epoch: 0 step: 3 Tokens seen: 384 Train Loss: 11.07485294342041
INFO     Train epoch: 0 step: 4 Tokens seen: 512 Train Loss: 11.06080436706543
INFO     Train epoch: 0 step: 5 Tokens seen: 640 Train Loss: 11.203660011291504
INFO     Train epoch: 0 step: 6 Tokens seen: 768 Train Loss: 11.127198219299316
INFO     Train epoch: 0 step: 7 Tokens seen: 896 Train Loss: 11.031343460083008
INFO     Train epoch: 0 step: 8 Tokens seen: 1024 Train Loss: 11.264223098754883
INFO     Train epoch: 0 step: 9 Tokens seen: 1152 Train Loss: 10.9740629196167
INFO     Train epoch: 0 step: 10 Tokens seen: 1280 Train Loss: 11.129585266113281
INFO     Train epoch: 0 step: 11 Tokens seen: 1408 Train Loss: 10.924359321594238
INFO     Train epoch: 0 step: 12 Tokens seen: 1536 Train Loss: 11.014446258544922
INFO     Train epoch: 0 step: 13 Tokens seen: 1664 Train Loss: 10.901947021484375
INFO     Train epoch: 0 step: 14 Tokens seen: 1792 Train Loss: 11.091175079345703
INFO     Train epoch: 0 step: 15 Tokens seen: 1920 Train Loss: 10.937896728515625
INFO     Train epoch: 0 step: 16 Tokens seen: 2048 Train Loss: 11.075339317321777
INFO     Train epoch: 0 step: 17 Tokens seen: 2176 Train Loss: 10.913302421569824
INFO     Train epoch: 0 step: 18 Tokens seen: 2304 Train Loss: 11.266085624694824
INFO     Train epoch: 0 step: 19 Tokens seen: 2432 Train Loss: 11.200967788696289
INFO     Train epoch: 0 step: 20 Tokens seen: 2560 Train Loss: 11.075819969177246
INFO     Train epoch: 0 step: 21 Tokens seen: 2688 Train Loss: 11.273088455200195
INFO     Train epoch: 0 step: 22 Tokens seen: 2816 Train Loss: 10.979337692260742
INFO     Train epoch: 0 step: 23 Tokens seen: 2944 Train Loss: 11.140687942504883
INFO     Train epoch: 0 step: 24 Tokens seen: 3072 Train Loss: 10.827713012695312
INFO     Train epoch: 0 step: 25 Tokens seen: 3200 Train Loss: 10.862746238708496
INFO     Train epoch: 0 step: 26 Tokens seen: 3328 Train Loss: 11.010607719421387
INFO     Train epoch: 0 step: 27 Tokens seen: 3456 Train Loss: 11.259956359863281
INFO     Train epoch: 0 step: 28 Tokens seen: 3584 Train Loss: 11.201223373413086
INFO     Train epoch: 0 step: 29 Tokens seen: 3712 Train Loss: 10.898161888122559
INFO     Train epoch: 0 step: 30 Tokens seen: 3840 Train Loss: 10.944092750549316
INFO     Train epoch: 0 step: 31 Tokens seen: 3968 Train Loss: 10.91050910949707
INFO     Train epoch: 0 step: 32 Tokens seen: 4096 Train Loss: 10.991114616394043
INFO     Train epoch: 0 step: 33 Tokens seen: 4224 Train Loss: 10.800924301147461
INFO     Train epoch: 0 step: 34 Tokens seen: 4352 Train Loss: 10.863567352294922
INFO     Train epoch: 0 step: 35 Tokens seen: 4480 Train Loss: 11.108057975769043
INFO     Train epoch: 0 step: 36 Tokens seen: 4608 Train Loss: 11.065084457397461
INFO     Train epoch: 0 step: 37 Tokens seen: 4736 Train Loss: 10.944056510925293
INFO     Train epoch: 0 step: 38 Tokens seen: 4864 Train Loss: 10.905780792236328
INFO     Train epoch: 0 step: 39 Tokens seen: 4992 Train Loss: 10.78761100769043
INFO     Train epoch: 0 step: 40 Tokens seen: 5120 Train Loss: 10.707893371582031
INFO     Train epoch: 0 step: 41 Tokens seen: 5248 Train Loss: 11.129195213317871
INFO     Train epoch: 0 step: 42 Tokens seen: 5376 Train Loss: 11.095120429992676
INFO     Train epoch: 0 step: 43 Tokens seen: 5504 Train Loss: 10.708769798278809
INFO     Train epoch: 0 step: 44 Tokens seen: 5632 Train Loss: 10.736336708068848
INFO     Train epoch: 0 step: 45 Tokens seen: 5760 Train Loss: 10.879498481750488
INFO     Train epoch: 0 step: 46 Tokens seen: 5888 Train Loss: 10.888253211975098
INFO     Train epoch: 0 step: 47 Tokens seen: 6016 Train Loss: 10.89751148223877
INFO     Train epoch: 0 step: 48 Tokens seen: 6144 Train Loss: 10.848166465759277
INFO     Train epoch: 0 step: 49 Tokens seen: 6272 Train Loss: 10.902320861816406
INFO     Train epoch: 0 step: 50 Tokens seen: 6400 Train Loss: 11.003190040588379
INFO     Eval Step: 50 Tokens seen: 6400 Val Loss : 10.837485240055965
INFO     Train epoch: 0 step: 51 Tokens seen: 6528 Train Loss: 10.792248725891113
INFO     Train epoch: 0 step: 52 Tokens seen: 6656 Train Loss: 10.860472679138184
INFO     Train epoch: 0 step: 53 Tokens seen: 6784 Train Loss: 10.716830253601074
INFO     Train epoch: 0 step: 54 Tokens seen: 6912 Train Loss: 10.707585334777832
INFO     Train epoch: 0 step: 55 Tokens seen: 7040 Train Loss: 11.005677223205566
INFO     Train epoch: 0 step: 56 Tokens seen: 7168 Train Loss: 10.7641019821167
INFO     Train epoch: 0 step: 57 Tokens seen: 7296 Train Loss: 10.967360496520996
INFO     Train epoch: 0 step: 58 Tokens seen: 7424 Train Loss: 10.892903327941895
INFO     Train epoch: 0 step: 59 Tokens seen: 7552 Train Loss: 10.522744178771973
INFO     Train epoch: 0 step: 60 Tokens seen: 7680 Train Loss: 10.79559326171875
INFO     Train epoch: 0 step: 61 Tokens seen: 7808 Train Loss: 10.895569801330566
INFO     Train epoch: 0 step: 62 Tokens seen: 7936 Train Loss: 10.72823715209961
INFO     Train epoch: 0 step: 63 Tokens seen: 8064 Train Loss: 10.879398345947266
INFO     Train epoch: 0 step: 64 Tokens seen: 8192 Train Loss: 11.159422874450684
INFO     Train epoch: 0 step: 65 Tokens seen: 8320 Train Loss: 10.791282653808594
INFO     Train epoch: 0 step: 66 Tokens seen: 8448 Train Loss: 10.59609603881836
INFO     Train epoch: 0 step: 67 Tokens seen: 8576 Train Loss: 10.857247352600098
INFO     Train epoch: 0 step: 68 Tokens seen: 8704 Train Loss: 10.870198249816895
INFO     Train epoch: 0 step: 69 Tokens seen: 8832 Train Loss: 10.635984420776367
INFO     Train epoch: 0 step: 70 Tokens seen: 8960 Train Loss: 10.691728591918945
INFO     Train epoch: 0 step: 71 Tokens seen: 9088 Train Loss: 10.757244110107422
INFO     Train epoch: 0 step: 72 Tokens seen: 9216 Train Loss: 10.542098999023438
INFO     Train epoch: 0 step: 73 Tokens seen: 9344 Train Loss: 10.602545738220215
INFO     Train epoch: 0 step: 74 Tokens seen: 9472 Train Loss: 10.753206253051758
INFO     Train epoch: 0 step: 75 Tokens seen: 9600 Train Loss: 10.563623428344727
INFO     Train epoch: 0 step: 76 Tokens seen: 9728 Train Loss: 10.736065864562988
INFO     Train epoch: 0 step: 77 Tokens seen: 9856 Train Loss: 11.154587745666504
INFO     Train epoch: 0 step: 78 Tokens seen: 9984 Train Loss: 10.77988338470459
INFO     Train epoch: 0 step: 79 Tokens seen: 10112 Train Loss: 10.921961784362793
INFO     Train epoch: 0 step: 80 Tokens seen: 10240 Train Loss: 10.686453819274902
INFO     Train epoch: 0 step: 81 Tokens seen: 10368 Train Loss: 10.725303649902344
INFO     Train epoch: 0 step: 82 Tokens seen: 10496 Train Loss: 10.868834495544434
INFO     Train epoch: 0 step: 83 Tokens seen: 10624 Train Loss: 10.890962600708008
INFO     Train epoch: 0 step: 84 Tokens seen: 10752 Train Loss: 10.783665657043457
INFO     Train epoch: 0 step: 85 Tokens seen: 10880 Train Loss: 10.522366523742676
INFO     Train epoch: 0 step: 86 Tokens seen: 11008 Train Loss: 10.93046760559082
INFO     Train epoch: 0 step: 87 Tokens seen: 11136 Train Loss: 10.701237678527832
INFO     Train epoch: 0 step: 88 Tokens seen: 11264 Train Loss: 10.697065353393555
INFO     Train epoch: 0 step: 89 Tokens seen: 11392 Train Loss: 10.775147438049316
INFO     Train epoch: 0 step: 90 Tokens seen: 11520 Train Loss: 10.831363677978516
INFO     Train epoch: 0 step: 91 Tokens seen: 11648 Train Loss: 10.553178787231445
INFO     Train epoch: 0 step: 92 Tokens seen: 11776 Train Loss: 10.842141151428223
INFO     Train epoch: 0 step: 93 Tokens seen: 11904 Train Loss: 10.511446952819824
INFO     Train epoch: 0 step: 94 Tokens seen: 12032 Train Loss: 10.731595039367676
INFO     Train epoch: 0 step: 95 Tokens seen: 12160 Train Loss: 10.5101318359375
INFO     Train epoch: 0 step: 96 Tokens seen: 12288 Train Loss: 10.625743865966797
INFO     Train epoch: 0 step: 97 Tokens seen: 12416 Train Loss: 10.62950611114502
INFO     Train epoch: 0 step: 98 Tokens seen: 12544 Train Loss: 10.48366641998291
INFO     Train epoch: 0 step: 99 Tokens seen: 12672 Train Loss: 10.27009391784668
INFO     Train epoch: 0 step: 100 Tokens seen: 12800 Train Loss: 10.532984733581543
INFO     Eval Step: 100 Tokens seen: 12800 Val Loss : 10.606112064459385
INFO     Checkpoint Saved | Train loss: {loss} | Eval loss: {val_loss}
INFO     Train epoch: 0 step: 101 Tokens seen: 12928 Train Loss: 10.739850044250488
INFO     Train epoch: 0 step: 102 Tokens seen: 13056 Train Loss: 10.571763038635254
INFO     Train epoch: 0 step: 103 Tokens seen: 13184 Train Loss: 10.625618934631348
INFO     Train epoch: 0 step: 104 Tokens seen: 13312 Train Loss: 10.56344985961914
INFO     Train epoch: 0 step: 105 Tokens seen: 13440 Train Loss: 10.841806411743164
INFO     Train epoch: 0 step: 106 Tokens seen: 13568 Train Loss: 10.807602882385254
INFO     Train epoch: 0 step: 107 Tokens seen: 13696 Train Loss: 10.473052978515625
INFO     Train epoch: 0 step: 108 Tokens seen: 13824 Train Loss: 10.68822193145752
INFO     Train epoch: 0 step: 109 Tokens seen: 13952 Train Loss: 10.762397766113281
INFO     Train epoch: 0 step: 110 Tokens seen: 14080 Train Loss: 10.75648021697998
INFO     Train epoch: 0 step: 111 Tokens seen: 14208 Train Loss: 10.77327823638916
INFO     Train epoch: 0 step: 112 Tokens seen: 14336 Train Loss: 10.493388175964355
INFO     Train epoch: 0 step: 113 Tokens seen: 14464 Train Loss: 10.64920711517334
INFO     Train epoch: 0 step: 114 Tokens seen: 14592 Train Loss: 10.482441902160645
INFO     Train epoch: 0 step: 115 Tokens seen: 14720 Train Loss: 10.407523155212402
INFO     Train epoch: 0 step: 116 Tokens seen: 14848 Train Loss: 10.41441535949707
INFO     Train epoch: 0 step: 117 Tokens seen: 14976 Train Loss: 10.608773231506348
INFO     Train epoch: 0 step: 118 Tokens seen: 15104 Train Loss: 10.479031562805176
INFO     Train epoch: 0 step: 119 Tokens seen: 15232 Train Loss: 10.472077369689941
INFO     Train epoch: 0 step: 120 Tokens seen: 15360 Train Loss: 10.35063362121582
INFO     Train epoch: 0 step: 121 Tokens seen: 15488 Train Loss: 10.496312141418457
INFO     Train epoch: 0 step: 122 Tokens seen: 15616 Train Loss: 10.684269905090332
INFO     Train epoch: 0 step: 123 Tokens seen: 15744 Train Loss: 10.387388229370117
INFO     Train epoch: 0 step: 124 Tokens seen: 15872 Train Loss: 10.481722831726074
INFO     Train epoch: 0 step: 125 Tokens seen: 16000 Train Loss: 10.59024715423584
INFO     Train epoch: 0 step: 126 Tokens seen: 16128 Train Loss: 10.625998497009277
INFO     Train epoch: 0 step: 127 Tokens seen: 16256 Train Loss: 10.25233268737793
INFO     Train epoch: 0 step: 128 Tokens seen: 16384 Train Loss: 10.382055282592773
INFO     Train epoch: 0 step: 129 Tokens seen: 16512 Train Loss: 10.327730178833008
INFO     Train epoch: 0 step: 130 Tokens seen: 16640 Train Loss: 10.458550453186035
INFO     Train epoch: 0 step: 131 Tokens seen: 16768 Train Loss: 10.441351890563965
INFO     Train epoch: 0 step: 132 Tokens seen: 16896 Train Loss: 10.80412483215332
INFO     Train epoch: 0 step: 133 Tokens seen: 17024 Train Loss: 10.539264678955078
INFO     Train epoch: 0 step: 134 Tokens seen: 17152 Train Loss: 10.415029525756836
INFO     Train epoch: 0 step: 135 Tokens seen: 17280 Train Loss: 10.527424812316895
INFO     Train epoch: 0 step: 136 Tokens seen: 17408 Train Loss: 10.225093841552734
INFO     Train epoch: 0 step: 137 Tokens seen: 17536 Train Loss: 10.890837669372559
INFO     Train epoch: 0 step: 138 Tokens seen: 17664 Train Loss: 10.425920486450195
INFO     Train epoch: 0 step: 139 Tokens seen: 17792 Train Loss: 10.414085388183594
INFO     Train epoch: 0 step: 140 Tokens seen: 17920 Train Loss: 10.072505950927734
INFO     Train epoch: 0 step: 141 Tokens seen: 18048 Train Loss: 10.428996086120605
INFO     Train epoch: 0 step: 142 Tokens seen: 18176 Train Loss: 10.457001686096191
INFO     Train epoch: 0 step: 143 Tokens seen: 18304 Train Loss: 10.38941764831543
INFO     Train epoch: 0 step: 144 Tokens seen: 18432 Train Loss: 10.301541328430176
INFO     Train epoch: 0 step: 145 Tokens seen: 18560 Train Loss: 10.33317756652832
INFO     Train epoch: 0 step: 146 Tokens seen: 18688 Train Loss: 10.428718566894531
INFO     Train epoch: 0 step: 147 Tokens seen: 18816 Train Loss: 10.662050247192383
INFO     Train epoch: 0 step: 148 Tokens seen: 18944 Train Loss: 10.151717185974121
INFO     Train epoch: 0 step: 149 Tokens seen: 19072 Train Loss: 10.527043342590332
INFO     Train epoch: 0 step: 150 Tokens seen: 19200 Train Loss: 10.279160499572754
INFO     Eval Step: 150 Tokens seen: 19200 Val Loss : 10.345189828139086
INFO     Train epoch: 0 step: 151 Tokens seen: 19328 Train Loss: 10.254652976989746
INFO     Train epoch: 0 step: 152 Tokens seen: 19456 Train Loss: 10.525096893310547
INFO     Train epoch: 0 step: 153 Tokens seen: 19584 Train Loss: 10.25947380065918
INFO     Train epoch: 0 step: 154 Tokens seen: 19712 Train Loss: 10.658927917480469
INFO     Train epoch: 0 step: 155 Tokens seen: 19840 Train Loss: 10.415046691894531
INFO     Train epoch: 0 step: 156 Tokens seen: 19968 Train Loss: 10.316061019897461
INFO     Train epoch: 0 step: 157 Tokens seen: 20096 Train Loss: 10.652302742004395
INFO     Train epoch: 0 step: 158 Tokens seen: 20224 Train Loss: 10.346430778503418
INFO     Train epoch: 0 step: 159 Tokens seen: 20352 Train Loss: 10.230233192443848
INFO     Train epoch: 0 step: 160 Tokens seen: 20480 Train Loss: 10.30194091796875
INFO     Train epoch: 0 step: 161 Tokens seen: 20608 Train Loss: 10.097325325012207
INFO     Train epoch: 0 step: 162 Tokens seen: 20736 Train Loss: 10.293296813964844
INFO     Train epoch: 0 step: 163 Tokens seen: 20864 Train Loss: 10.198784828186035
INFO     Train epoch: 0 step: 164 Tokens seen: 20992 Train Loss: 10.188637733459473
INFO     Train epoch: 0 step: 165 Tokens seen: 21120 Train Loss: 10.307734489440918
INFO     Train epoch: 0 step: 166 Tokens seen: 21248 Train Loss: 10.578588485717773
INFO     Train epoch: 0 step: 167 Tokens seen: 21376 Train Loss: 10.307046890258789
INFO     Train epoch: 0 step: 168 Tokens seen: 21504 Train Loss: 10.352605819702148
INFO     Train epoch: 0 step: 169 Tokens seen: 21632 Train Loss: 10.047069549560547
INFO     Train epoch: 0 step: 170 Tokens seen: 21760 Train Loss: 10.155831336975098
INFO     Train epoch: 0 step: 171 Tokens seen: 21888 Train Loss: 10.10113525390625
INFO     Train epoch: 0 step: 172 Tokens seen: 22016 Train Loss: 10.078332901000977
INFO     Train epoch: 0 step: 173 Tokens seen: 22144 Train Loss: 10.312067031860352
INFO     Train epoch: 0 step: 174 Tokens seen: 22272 Train Loss: 9.95479965209961
INFO     Train epoch: 0 step: 175 Tokens seen: 22400 Train Loss: 10.175113677978516
INFO     Train epoch: 0 step: 176 Tokens seen: 22528 Train Loss: 10.536152839660645
INFO     Train epoch: 0 step: 177 Tokens seen: 22656 Train Loss: 10.065671920776367
INFO     Train epoch: 0 step: 178 Tokens seen: 22784 Train Loss: 9.993677139282227
INFO     Train epoch: 0 step: 179 Tokens seen: 22912 Train Loss: 10.361479759216309
INFO     Train epoch: 0 step: 180 Tokens seen: 23040 Train Loss: 10.27770709991455
INFO     Train epoch: 0 step: 181 Tokens seen: 23168 Train Loss: 10.389686584472656
INFO     Train epoch: 0 step: 182 Tokens seen: 23296 Train Loss: 10.12812614440918
INFO     Train epoch: 0 step: 183 Tokens seen: 23424 Train Loss: 9.880242347717285
INFO     Train epoch: 0 step: 184 Tokens seen: 23552 Train Loss: 10.085285186767578
INFO     Train epoch: 0 step: 185 Tokens seen: 23680 Train Loss: 10.175537109375
INFO     Train epoch: 0 step: 186 Tokens seen: 23808 Train Loss: 10.109655380249023
INFO     Train epoch: 0 step: 187 Tokens seen: 23936 Train Loss: 10.256789207458496
INFO     Train epoch: 0 step: 188 Tokens seen: 24064 Train Loss: 10.349906921386719
INFO     Train epoch: 0 step: 189 Tokens seen: 24192 Train Loss: 10.128426551818848
INFO     Train epoch: 0 step: 190 Tokens seen: 24320 Train Loss: 10.502935409545898
INFO     Train epoch: 0 step: 191 Tokens seen: 24448 Train Loss: 10.370843887329102
INFO     Train epoch: 0 step: 192 Tokens seen: 24576 Train Loss: 10.178505897521973
INFO     Train epoch: 0 step: 193 Tokens seen: 24704 Train Loss: 10.03438949584961
INFO     Train epoch: 0 step: 194 Tokens seen: 24832 Train Loss: 9.743409156799316
INFO     Train epoch: 0 step: 195 Tokens seen: 24960 Train Loss: 10.581790924072266
INFO     Train epoch: 0 step: 196 Tokens seen: 25088 Train Loss: 10.416385650634766
INFO     Train epoch: 0 step: 197 Tokens seen: 25216 Train Loss: 10.1644868850708
INFO     Train epoch: 0 step: 198 Tokens seen: 25344 Train Loss: 10.026777267456055
INFO     Train epoch: 0 step: 199 Tokens seen: 25472 Train Loss: 10.213861465454102
INFO     Train epoch: 0 step: 200 Tokens seen: 25600 Train Loss: 10.468692779541016
INFO     Eval Step: 200 Tokens seen: 25600 Val Loss : 10.135859954051483
INFO     Checkpoint Saved | Train loss: {loss} | Eval loss: {val_loss}
INFO     Train epoch: 0 step: 201 Tokens seen: 25728 Train Loss: 10.249615669250488
INFO     Train epoch: 0 step: 202 Tokens seen: 25856 Train Loss: 10.103998184204102
INFO     Train epoch: 0 step: 203 Tokens seen: 25984 Train Loss: 10.272457122802734
INFO     Train epoch: 0 step: 204 Tokens seen: 26112 Train Loss: 10.148774147033691
INFO     Train epoch: 0 step: 205 Tokens seen: 26240 Train Loss: 9.968121528625488
INFO     Train epoch: 0 step: 206 Tokens seen: 26368 Train Loss: 10.098076820373535
INFO     Train epoch: 0 step: 207 Tokens seen: 26496 Train Loss: 10.347530364990234
INFO     Train epoch: 0 step: 208 Tokens seen: 26624 Train Loss: 9.682670593261719
INFO     Train epoch: 0 step: 209 Tokens seen: 26752 Train Loss: 9.960641860961914
INFO     Train epoch: 0 step: 210 Tokens seen: 26880 Train Loss: 9.959153175354004
INFO     Train epoch: 0 step: 211 Tokens seen: 27008 Train Loss: 10.101249694824219
INFO     Train epoch: 0 step: 212 Tokens seen: 27136 Train Loss: 9.883913040161133
INFO     Train epoch: 0 step: 213 Tokens seen: 27264 Train Loss: 9.817848205566406
INFO     Train epoch: 0 step: 214 Tokens seen: 27392 Train Loss: 9.942258834838867
INFO     Train epoch: 0 step: 215 Tokens seen: 27520 Train Loss: 9.967859268188477
INFO     Train epoch: 0 step: 216 Tokens seen: 27648 Train Loss: 10.119206428527832
INFO     Train epoch: 0 step: 217 Tokens seen: 27776 Train Loss: 9.743377685546875
INFO     Train epoch: 0 step: 218 Tokens seen: 27904 Train Loss: 10.056387901306152
INFO     Train epoch: 0 step: 219 Tokens seen: 28032 Train Loss: 9.748818397521973
INFO     Train epoch: 0 step: 220 Tokens seen: 28160 Train Loss: 9.995707511901855
INFO     Train epoch: 0 step: 221 Tokens seen: 28288 Train Loss: 9.7988920211792
INFO     Train epoch: 0 step: 222 Tokens seen: 28416 Train Loss: 9.884361267089844
INFO     Train epoch: 0 step: 223 Tokens seen: 28544 Train Loss: 9.912639617919922
INFO     Train epoch: 0 step: 224 Tokens seen: 28672 Train Loss: 9.92995834350586
INFO     Train epoch: 0 step: 225 Tokens seen: 28800 Train Loss: 9.662826538085938
INFO     Train epoch: 0 step: 226 Tokens seen: 28928 Train Loss: 10.009345054626465
INFO     Train epoch: 0 step: 227 Tokens seen: 29056 Train Loss: 9.358059883117676
INFO     Train epoch: 0 step: 228 Tokens seen: 29184 Train Loss: 10.146533012390137
INFO     Train epoch: 0 step: 229 Tokens seen: 29312 Train Loss: 9.843206405639648
INFO     Train epoch: 0 step: 230 Tokens seen: 29440 Train Loss: 10.012717247009277
INFO     Train epoch: 0 step: 231 Tokens seen: 29568 Train Loss: 10.28160572052002
INFO     Train epoch: 0 step: 232 Tokens seen: 29696 Train Loss: 9.866655349731445
INFO     Train epoch: 0 step: 233 Tokens seen: 29824 Train Loss: 9.761544227600098
INFO     Train epoch: 0 step: 234 Tokens seen: 29952 Train Loss: 9.87696647644043
INFO     Train epoch: 0 step: 235 Tokens seen: 30080 Train Loss: 10.103876113891602
INFO     Train epoch: 0 step: 236 Tokens seen: 30208 Train Loss: 9.926392555236816
INFO     Train epoch: 0 step: 237 Tokens seen: 30336 Train Loss: 9.679929733276367
INFO     Train epoch: 0 step: 238 Tokens seen: 30464 Train Loss: 9.909980773925781
INFO     Train epoch: 0 step: 239 Tokens seen: 30592 Train Loss: 9.784679412841797
INFO     Train epoch: 0 step: 240 Tokens seen: 30720 Train Loss: 10.084334373474121
INFO     Train epoch: 0 step: 241 Tokens seen: 30848 Train Loss: 9.848179817199707
INFO     Train epoch: 0 step: 242 Tokens seen: 30976 Train Loss: 10.208184242248535
INFO     Train epoch: 0 step: 243 Tokens seen: 31104 Train Loss: 9.914904594421387
INFO     Train epoch: 0 step: 244 Tokens seen: 31232 Train Loss: 10.097016334533691
INFO     Train epoch: 0 step: 245 Tokens seen: 31360 Train Loss: 9.838228225708008
INFO     Train epoch: 0 step: 246 Tokens seen: 31488 Train Loss: 9.89088249206543
INFO     Train epoch: 0 step: 247 Tokens seen: 31616 Train Loss: 10.163999557495117
INFO     Train epoch: 0 step: 248 Tokens seen: 31744 Train Loss: 10.079541206359863
INFO     Train epoch: 0 step: 249 Tokens seen: 31872 Train Loss: 9.998912811279297
INFO     Train epoch: 0 step: 250 Tokens seen: 32000 Train Loss: 9.735075950622559
INFO     Eval Step: 250 Tokens seen: 32000 Val Loss : 9.86497138096736
INFO     Train epoch: 0 step: 251 Tokens seen: 32128 Train Loss: 9.786023139953613
INFO     Train epoch: 0 step: 252 Tokens seen: 32256 Train Loss: 10.306864738464355
INFO     Train epoch: 0 step: 253 Tokens seen: 32384 Train Loss: 9.647862434387207
INFO     Train epoch: 0 step: 254 Tokens seen: 32512 Train Loss: 9.956351280212402
INFO     Train epoch: 0 step: 255 Tokens seen: 32640 Train Loss: 9.694534301757812
INFO     Train epoch: 0 step: 256 Tokens seen: 32768 Train Loss: 10.045247077941895
INFO     Train epoch: 0 step: 257 Tokens seen: 32896 Train Loss: 9.823022842407227
INFO     Train epoch: 0 step: 258 Tokens seen: 33024 Train Loss: 10.034088134765625
INFO     Train epoch: 0 step: 259 Tokens seen: 33152 Train Loss: 9.752901077270508
INFO     Train epoch: 0 step: 260 Tokens seen: 33280 Train Loss: 9.662689208984375
INFO     Train epoch: 0 step: 261 Tokens seen: 33408 Train Loss: 9.595613479614258
INFO     Train epoch: 0 step: 262 Tokens seen: 33536 Train Loss: 9.7550630569458
INFO     Train epoch: 0 step: 263 Tokens seen: 33664 Train Loss: 9.4302978515625
INFO     Train epoch: 0 step: 264 Tokens seen: 33792 Train Loss: 9.586966514587402
INFO     Train epoch: 0 step: 265 Tokens seen: 33920 Train Loss: 9.434111595153809
INFO     Train epoch: 0 step: 266 Tokens seen: 34048 Train Loss: 10.130147933959961
INFO     Train epoch: 0 step: 267 Tokens seen: 34176 Train Loss: 9.765274047851562
INFO     Train epoch: 0 step: 268 Tokens seen: 34304 Train Loss: 10.068572998046875
INFO     Train epoch: 0 step: 269 Tokens seen: 34432 Train Loss: 9.550095558166504
INFO     Train epoch: 0 step: 270 Tokens seen: 34560 Train Loss: 9.665454864501953
INFO     Train epoch: 0 step: 271 Tokens seen: 34688 Train Loss: 9.57468032836914
INFO     Train epoch: 0 step: 272 Tokens seen: 34816 Train Loss: 9.425331115722656
INFO     Train epoch: 0 step: 273 Tokens seen: 34944 Train Loss: 9.581465721130371
INFO     Train epoch: 0 step: 274 Tokens seen: 35072 Train Loss: 9.805156707763672
INFO     Train epoch: 0 step: 275 Tokens seen: 35200 Train Loss: 9.974287033081055
INFO     Train epoch: 0 step: 276 Tokens seen: 35328 Train Loss: 9.640874862670898
INFO     Train epoch: 0 step: 277 Tokens seen: 35456 Train Loss: 9.962766647338867
INFO     Train epoch: 0 step: 278 Tokens seen: 35584 Train Loss: 9.652003288269043
INFO     Train epoch: 0 step: 279 Tokens seen: 35712 Train Loss: 9.828315734863281
INFO     Train epoch: 0 step: 280 Tokens seen: 35840 Train Loss: 9.688422203063965
INFO     Train epoch: 0 step: 281 Tokens seen: 35968 Train Loss: 9.825650215148926
INFO     Train epoch: 0 step: 282 Tokens seen: 36096 Train Loss: 9.644914627075195
INFO     Train epoch: 0 step: 283 Tokens seen: 36224 Train Loss: 9.492846488952637
INFO     Train epoch: 0 step: 284 Tokens seen: 36352 Train Loss: 9.355101585388184
INFO     Train epoch: 0 step: 285 Tokens seen: 36480 Train Loss: 9.448140144348145
INFO     Train epoch: 0 step: 286 Tokens seen: 36608 Train Loss: 9.876715660095215
INFO     Train epoch: 0 step: 287 Tokens seen: 36736 Train Loss: 9.775774002075195
INFO     Train epoch: 0 step: 288 Tokens seen: 36864 Train Loss: 9.304766654968262
INFO     Train epoch: 0 step: 289 Tokens seen: 36992 Train Loss: 10.161906242370605
INFO     Train epoch: 0 step: 290 Tokens seen: 37120 Train Loss: 9.37380599975586
INFO     Train epoch: 0 step: 291 Tokens seen: 37248 Train Loss: 9.443289756774902
INFO     Train epoch: 0 step: 292 Tokens seen: 37376 Train Loss: 9.933976173400879
INFO     Train epoch: 0 step: 293 Tokens seen: 37504 Train Loss: 9.611600875854492
INFO     Train epoch: 0 step: 294 Tokens seen: 37632 Train Loss: 9.238615036010742
INFO     Train epoch: 0 step: 295 Tokens seen: 37760 Train Loss: 9.414033889770508
INFO     Train epoch: 0 step: 296 Tokens seen: 37888 Train Loss: 9.923206329345703
INFO     Train epoch: 0 step: 297 Tokens seen: 38016 Train Loss: 9.458187103271484
INFO     Train epoch: 0 step: 298 Tokens seen: 38144 Train Loss: 9.908147811889648
INFO     Train epoch: 0 step: 299 Tokens seen: 38272 Train Loss: 9.656930923461914
INFO     Train epoch: 0 step: 300 Tokens seen: 38400 Train Loss: 9.729347229003906
INFO     Eval Step: 300 Tokens seen: 38400 Val Loss : 9.631204164945162
INFO     Checkpoint Saved | Train loss: {loss} | Eval loss: {val_loss}
INFO     Train epoch: 0 step: 301 Tokens seen: 38528 Train Loss: 9.249975204467773
INFO     Train epoch: 0 step: 302 Tokens seen: 38656 Train Loss: 9.901110649108887
INFO     Train epoch: 0 step: 303 Tokens seen: 38784 Train Loss: 9.2997407913208
INFO     Train epoch: 0 step: 304 Tokens seen: 38912 Train Loss: 9.417099952697754
INFO     Train epoch: 0 step: 305 Tokens seen: 39040 Train Loss: 9.422501564025879
INFO     Train epoch: 0 step: 306 Tokens seen: 39168 Train Loss: 9.62287425994873
INFO     Train epoch: 0 step: 307 Tokens seen: 39296 Train Loss: 9.412578582763672
INFO     Train epoch: 0 step: 308 Tokens seen: 39424 Train Loss: 9.929255485534668
INFO     Train epoch: 0 step: 309 Tokens seen: 39552 Train Loss: 9.631620407104492
INFO     Train epoch: 0 step: 310 Tokens seen: 39680 Train Loss: 9.69313907623291
INFO     Train epoch: 0 step: 311 Tokens seen: 39808 Train Loss: 9.894709587097168
INFO     Train epoch: 0 step: 312 Tokens seen: 39936 Train Loss: 9.99118423461914
INFO     Train epoch: 0 step: 313 Tokens seen: 40064 Train Loss: 9.507075309753418
INFO     Train epoch: 0 step: 314 Tokens seen: 40192 Train Loss: 9.443289756774902
INFO     Train epoch: 0 step: 315 Tokens seen: 40320 Train Loss: 9.812273025512695
INFO     Train epoch: 0 step: 316 Tokens seen: 40448 Train Loss: 9.493073463439941
INFO     Train epoch: 0 step: 317 Tokens seen: 40576 Train Loss: 9.317985534667969
INFO     Train epoch: 0 step: 318 Tokens seen: 40704 Train Loss: 9.516412734985352
INFO     Train epoch: 0 step: 319 Tokens seen: 40832 Train Loss: 9.676627159118652
INFO     Train epoch: 0 step: 320 Tokens seen: 40960 Train Loss: 9.789237022399902
INFO     Train epoch: 0 step: 321 Tokens seen: 41088 Train Loss: 9.57685375213623
INFO     Train epoch: 0 step: 322 Tokens seen: 41216 Train Loss: 9.634751319885254
INFO     Train epoch: 0 step: 323 Tokens seen: 41344 Train Loss: 9.836933135986328
INFO     Train epoch: 0 step: 324 Tokens seen: 41472 Train Loss: 9.579896926879883
INFO     Train epoch: 0 step: 325 Tokens seen: 41600 Train Loss: 9.495184898376465
INFO     Train epoch: 0 step: 326 Tokens seen: 41728 Train Loss: 9.652963638305664
INFO     Train epoch: 0 step: 327 Tokens seen: 41856 Train Loss: 9.2474946975708
INFO     Train epoch: 0 step: 328 Tokens seen: 41984 Train Loss: 9.358180046081543
INFO     Train epoch: 0 step: 329 Tokens seen: 42112 Train Loss: 9.392943382263184
INFO     Train epoch: 0 step: 330 Tokens seen: 42240 Train Loss: 9.324663162231445
INFO     Train epoch: 0 step: 331 Tokens seen: 42368 Train Loss: 9.391395568847656
INFO     Train epoch: 0 step: 332 Tokens seen: 42496 Train Loss: 9.599903106689453
INFO     Train epoch: 0 step: 333 Tokens seen: 42624 Train Loss: 9.495931625366211
INFO     Train epoch: 0 step: 334 Tokens seen: 42752 Train Loss: 9.133808135986328
INFO     Train epoch: 0 step: 335 Tokens seen: 42880 Train Loss: 9.212770462036133
INFO     Train epoch: 0 step: 336 Tokens seen: 43008 Train Loss: 9.293152809143066
INFO     Train epoch: 0 step: 337 Tokens seen: 43136 Train Loss: 9.51464557647705
INFO     Train epoch: 0 step: 338 Tokens seen: 43264 Train Loss: 9.26900577545166
INFO     Train epoch: 0 step: 339 Tokens seen: 43392 Train Loss: 8.97513198852539
INFO     Train epoch: 0 step: 340 Tokens seen: 43520 Train Loss: 9.384156227111816
INFO     Train epoch: 0 step: 341 Tokens seen: 43648 Train Loss: 9.811105728149414
INFO     Epoch 0 ended with train loss 10.259671502099359 validation loss 9.631204164945162
INFO     Model is compiled!
INFO     Train epoch: 0 step: 1 Tokens seen: 128 Train Loss: 10.922460556030273
INFO     Train epoch: 0 step: 2 Tokens seen: 256 Train Loss: 10.849350929260254
INFO     Train epoch: 0 step: 3 Tokens seen: 384 Train Loss: 11.002535820007324
INFO     Train epoch: 0 step: 4 Tokens seen: 512 Train Loss: 11.02822494506836
INFO     Train epoch: 0 step: 5 Tokens seen: 640 Train Loss: 10.862635612487793
INFO     Train epoch: 0 step: 6 Tokens seen: 768 Train Loss: 10.95367431640625
INFO     Train epoch: 0 step: 7 Tokens seen: 896 Train Loss: 10.980637550354004
INFO     Train epoch: 0 step: 8 Tokens seen: 1024 Train Loss: 11.08678913116455
INFO     Train epoch: 0 step: 9 Tokens seen: 1152 Train Loss: 11.162857055664062
INFO     Train epoch: 0 step: 10 Tokens seen: 1280 Train Loss: 10.901317596435547
INFO     Train epoch: 0 step: 11 Tokens seen: 1408 Train Loss: 10.669719696044922
INFO     Train epoch: 0 step: 12 Tokens seen: 1536 Train Loss: 10.904037475585938
INFO     Train epoch: 0 step: 13 Tokens seen: 1664 Train Loss: 10.87317943572998
INFO     Train epoch: 0 step: 14 Tokens seen: 1792 Train Loss: 10.749905586242676
INFO     Train epoch: 0 step: 15 Tokens seen: 1920 Train Loss: 10.932025909423828
INFO     Train epoch: 0 step: 16 Tokens seen: 2048 Train Loss: 10.923906326293945
INFO     Train epoch: 0 step: 17 Tokens seen: 2176 Train Loss: 11.002671241760254
INFO     Train epoch: 0 step: 18 Tokens seen: 2304 Train Loss: 10.905673027038574
INFO     Train epoch: 0 step: 19 Tokens seen: 2432 Train Loss: 10.737215042114258
INFO     Train epoch: 0 step: 20 Tokens seen: 2560 Train Loss: 10.912043571472168
INFO     Train epoch: 0 step: 21 Tokens seen: 2688 Train Loss: 10.977388381958008
INFO     Train epoch: 0 step: 22 Tokens seen: 2816 Train Loss: 11.021594047546387
INFO     Train epoch: 0 step: 23 Tokens seen: 2944 Train Loss: 10.823851585388184
INFO     Train epoch: 0 step: 24 Tokens seen: 3072 Train Loss: 10.958434104919434
INFO     Train epoch: 0 step: 25 Tokens seen: 3200 Train Loss: 10.87811279296875
INFO     Train epoch: 0 step: 26 Tokens seen: 3328 Train Loss: 11.077611923217773
INFO     Train epoch: 0 step: 27 Tokens seen: 3456 Train Loss: 10.874105453491211
INFO     Train epoch: 0 step: 28 Tokens seen: 3584 Train Loss: 11.052501678466797
INFO     Train epoch: 0 step: 29 Tokens seen: 3712 Train Loss: 10.88034725189209
INFO     Train epoch: 0 step: 30 Tokens seen: 3840 Train Loss: 10.618492126464844
INFO     Train epoch: 0 step: 31 Tokens seen: 3968 Train Loss: 10.811190605163574
INFO     Train epoch: 0 step: 32 Tokens seen: 4096 Train Loss: 10.81840705871582
INFO     Train epoch: 0 step: 33 Tokens seen: 4224 Train Loss: 10.842240333557129
INFO     Train epoch: 0 step: 34 Tokens seen: 4352 Train Loss: 10.814021110534668
INFO     Train epoch: 0 step: 35 Tokens seen: 4480 Train Loss: 10.7471923828125
INFO     Train epoch: 0 step: 36 Tokens seen: 4608 Train Loss: 10.927781105041504
INFO     Train epoch: 0 step: 37 Tokens seen: 4736 Train Loss: 10.904658317565918
INFO     Train epoch: 0 step: 38 Tokens seen: 4864 Train Loss: 11.075270652770996
INFO     Train epoch: 0 step: 39 Tokens seen: 4992 Train Loss: 10.835342407226562
INFO     Train epoch: 0 step: 40 Tokens seen: 5120 Train Loss: 10.846856117248535
INFO     Train epoch: 0 step: 41 Tokens seen: 5248 Train Loss: 10.76593017578125
INFO     Train epoch: 0 step: 42 Tokens seen: 5376 Train Loss: 10.980463027954102
INFO     Train epoch: 0 step: 43 Tokens seen: 5504 Train Loss: 10.980391502380371
INFO     Train epoch: 0 step: 44 Tokens seen: 5632 Train Loss: 10.920434951782227
INFO     Train epoch: 0 step: 45 Tokens seen: 5760 Train Loss: 10.79773998260498
INFO     Train epoch: 0 step: 46 Tokens seen: 5888 Train Loss: 10.766085624694824
INFO     Train epoch: 0 step: 47 Tokens seen: 6016 Train Loss: 11.08265209197998
INFO     Train epoch: 0 step: 48 Tokens seen: 6144 Train Loss: 10.931042671203613
INFO     Train epoch: 0 step: 49 Tokens seen: 6272 Train Loss: 10.902787208557129
INFO     Train epoch: 0 step: 50 Tokens seen: 6400 Train Loss: 10.64746379852295
INFO     Eval Step: 50 Tokens seen: 6400 Val Loss : 10.768621077904335
INFO     Train epoch: 0 step: 51 Tokens seen: 6528 Train Loss: 10.738630294799805
INFO     Train epoch: 0 step: 52 Tokens seen: 6656 Train Loss: 10.674471855163574
INFO     Train epoch: 0 step: 53 Tokens seen: 6784 Train Loss: 10.957292556762695
INFO     Train epoch: 0 step: 54 Tokens seen: 6912 Train Loss: 10.964961051940918
INFO     Train epoch: 0 step: 55 Tokens seen: 7040 Train Loss: 10.736045837402344
INFO     Train epoch: 0 step: 56 Tokens seen: 7168 Train Loss: 11.004481315612793
INFO     Train epoch: 0 step: 57 Tokens seen: 7296 Train Loss: 10.503514289855957
INFO     Train epoch: 0 step: 58 Tokens seen: 7424 Train Loss: 10.533317565917969
INFO     Train epoch: 0 step: 59 Tokens seen: 7552 Train Loss: 10.792163848876953
INFO     Train epoch: 0 step: 60 Tokens seen: 7680 Train Loss: 10.823760986328125
INFO     Train epoch: 0 step: 61 Tokens seen: 7808 Train Loss: 10.777539253234863
INFO     Train epoch: 0 step: 62 Tokens seen: 7936 Train Loss: 11.053483963012695
INFO     Train epoch: 0 step: 63 Tokens seen: 8064 Train Loss: 10.68660831451416
INFO     Train epoch: 0 step: 64 Tokens seen: 8192 Train Loss: 10.280834197998047
INFO     Train epoch: 0 step: 65 Tokens seen: 8320 Train Loss: 10.768013954162598
INFO     Train epoch: 0 step: 66 Tokens seen: 8448 Train Loss: 10.77653980255127
INFO     Train epoch: 0 step: 67 Tokens seen: 8576 Train Loss: 10.772598266601562
INFO     Train epoch: 0 step: 68 Tokens seen: 8704 Train Loss: 10.700544357299805
INFO     Train epoch: 0 step: 69 Tokens seen: 8832 Train Loss: 10.815858840942383
INFO     Train epoch: 0 step: 70 Tokens seen: 8960 Train Loss: 10.7172269821167
INFO     Train epoch: 0 step: 71 Tokens seen: 9088 Train Loss: 10.819051742553711
INFO     Train epoch: 0 step: 72 Tokens seen: 9216 Train Loss: 10.94010066986084
INFO     Train epoch: 0 step: 73 Tokens seen: 9344 Train Loss: 10.767844200134277
INFO     Train epoch: 0 step: 74 Tokens seen: 9472 Train Loss: 10.990608215332031
INFO     Train epoch: 0 step: 75 Tokens seen: 9600 Train Loss: 10.756752014160156
INFO     Train epoch: 0 step: 76 Tokens seen: 9728 Train Loss: 10.501819610595703
INFO     Train epoch: 0 step: 77 Tokens seen: 9856 Train Loss: 10.95911693572998
INFO     Train epoch: 0 step: 78 Tokens seen: 9984 Train Loss: 10.743678092956543
INFO     Train epoch: 0 step: 79 Tokens seen: 10112 Train Loss: 10.415745735168457
INFO     Train epoch: 0 step: 80 Tokens seen: 10240 Train Loss: 11.0191011428833
INFO     Train epoch: 0 step: 81 Tokens seen: 10368 Train Loss: 10.77453327178955
INFO     Train epoch: 0 step: 82 Tokens seen: 10496 Train Loss: 10.476951599121094
INFO     Train epoch: 0 step: 83 Tokens seen: 10624 Train Loss: 10.59166145324707
INFO     Train epoch: 0 step: 84 Tokens seen: 10752 Train Loss: 10.726914405822754
INFO     Train epoch: 0 step: 85 Tokens seen: 10880 Train Loss: 10.542494773864746
INFO     Train epoch: 0 step: 86 Tokens seen: 11008 Train Loss: 10.767120361328125
INFO     Train epoch: 0 step: 87 Tokens seen: 11136 Train Loss: 10.597556114196777
INFO     Train epoch: 0 step: 88 Tokens seen: 11264 Train Loss: 10.567967414855957
INFO     Train epoch: 0 step: 89 Tokens seen: 11392 Train Loss: 10.51672077178955
INFO     Train epoch: 0 step: 90 Tokens seen: 11520 Train Loss: 10.470006942749023
INFO     Train epoch: 0 step: 91 Tokens seen: 11648 Train Loss: 10.609210014343262
INFO     Train epoch: 0 step: 92 Tokens seen: 11776 Train Loss: 10.746175765991211
INFO     Train epoch: 0 step: 93 Tokens seen: 11904 Train Loss: 10.47176456451416
INFO     Train epoch: 0 step: 94 Tokens seen: 12032 Train Loss: 10.523444175720215
INFO     Train epoch: 0 step: 95 Tokens seen: 12160 Train Loss: 10.143742561340332
INFO     Train epoch: 0 step: 96 Tokens seen: 12288 Train Loss: 10.452122688293457
INFO     Train epoch: 0 step: 97 Tokens seen: 12416 Train Loss: 10.437545776367188
INFO     Train epoch: 0 step: 98 Tokens seen: 12544 Train Loss: 10.639424324035645
INFO     Train epoch: 0 step: 99 Tokens seen: 12672 Train Loss: 10.707143783569336
INFO     Train epoch: 0 step: 100 Tokens seen: 12800 Train Loss: 10.73472785949707
INFO     Eval Step: 100 Tokens seen: 12800 Val Loss : 10.536339221856533
INFO     Checkpoint Saved | Train loss: {loss} | Eval loss: {val_loss}
INFO     Train epoch: 0 step: 101 Tokens seen: 12928 Train Loss: 10.545516014099121
INFO     Train epoch: 0 step: 102 Tokens seen: 13056 Train Loss: 10.405588150024414
INFO     Train epoch: 0 step: 103 Tokens seen: 13184 Train Loss: 10.590932846069336
INFO     Train epoch: 0 step: 104 Tokens seen: 13312 Train Loss: 10.488384246826172
INFO     Train epoch: 0 step: 105 Tokens seen: 13440 Train Loss: 10.385259628295898
INFO     Train epoch: 0 step: 106 Tokens seen: 13568 Train Loss: 10.68390941619873
INFO     Train epoch: 0 step: 107 Tokens seen: 13696 Train Loss: 10.367051124572754
INFO     Train epoch: 0 step: 108 Tokens seen: 13824 Train Loss: 10.648172378540039
INFO     Train epoch: 0 step: 109 Tokens seen: 13952 Train Loss: 10.377277374267578
INFO     Train epoch: 0 step: 110 Tokens seen: 14080 Train Loss: 10.574347496032715
INFO     Train epoch: 0 step: 111 Tokens seen: 14208 Train Loss: 10.356728553771973
INFO     Train epoch: 0 step: 112 Tokens seen: 14336 Train Loss: 10.324627876281738
INFO     Train epoch: 0 step: 113 Tokens seen: 14464 Train Loss: 10.395746231079102
INFO     Train epoch: 0 step: 114 Tokens seen: 14592 Train Loss: 10.565962791442871
INFO     Train epoch: 0 step: 115 Tokens seen: 14720 Train Loss: 10.50729751586914
INFO     Train epoch: 0 step: 116 Tokens seen: 14848 Train Loss: 10.384167671203613
INFO     Train epoch: 0 step: 117 Tokens seen: 14976 Train Loss: 10.598104476928711
INFO     Train epoch: 0 step: 118 Tokens seen: 15104 Train Loss: 10.492328643798828
INFO     Train epoch: 0 step: 119 Tokens seen: 15232 Train Loss: 10.493083953857422
INFO     Train epoch: 0 step: 120 Tokens seen: 15360 Train Loss: 10.347338676452637
INFO     Train epoch: 0 step: 121 Tokens seen: 15488 Train Loss: 10.675324440002441
INFO     Train epoch: 0 step: 122 Tokens seen: 15616 Train Loss: 10.753337860107422
INFO     Train epoch: 0 step: 123 Tokens seen: 15744 Train Loss: 10.439364433288574
INFO     Train epoch: 0 step: 124 Tokens seen: 15872 Train Loss: 10.148241996765137
INFO     Train epoch: 0 step: 125 Tokens seen: 16000 Train Loss: 10.421514511108398
INFO     Train epoch: 0 step: 126 Tokens seen: 16128 Train Loss: 10.341303825378418
INFO     Train epoch: 0 step: 127 Tokens seen: 16256 Train Loss: 10.305309295654297
INFO     Train epoch: 0 step: 128 Tokens seen: 16384 Train Loss: 10.313278198242188
INFO     Train epoch: 0 step: 129 Tokens seen: 16512 Train Loss: 10.05041217803955
INFO     Train epoch: 0 step: 130 Tokens seen: 16640 Train Loss: 10.347675323486328
INFO     Train epoch: 0 step: 131 Tokens seen: 16768 Train Loss: 10.362791061401367
INFO     Train epoch: 0 step: 132 Tokens seen: 16896 Train Loss: 10.472941398620605
INFO     Train epoch: 0 step: 133 Tokens seen: 17024 Train Loss: 10.241995811462402
INFO     Train epoch: 0 step: 134 Tokens seen: 17152 Train Loss: 10.443826675415039
INFO     Train epoch: 0 step: 135 Tokens seen: 17280 Train Loss: 10.392632484436035
INFO     Train epoch: 0 step: 136 Tokens seen: 17408 Train Loss: 10.22750186920166
INFO     Train epoch: 0 step: 137 Tokens seen: 17536 Train Loss: 10.25926685333252
INFO     Train epoch: 0 step: 138 Tokens seen: 17664 Train Loss: 10.234844207763672
INFO     Train epoch: 0 step: 139 Tokens seen: 17792 Train Loss: 10.21737003326416
INFO     Train epoch: 0 step: 140 Tokens seen: 17920 Train Loss: 10.418636322021484
INFO     Train epoch: 0 step: 141 Tokens seen: 18048 Train Loss: 10.116557121276855
INFO     Train epoch: 0 step: 142 Tokens seen: 18176 Train Loss: 10.288673400878906
INFO     Train epoch: 0 step: 143 Tokens seen: 18304 Train Loss: 10.143510818481445
INFO     Train epoch: 0 step: 144 Tokens seen: 18432 Train Loss: 10.421748161315918
INFO     Train epoch: 0 step: 145 Tokens seen: 18560 Train Loss: 10.280630111694336
INFO     Train epoch: 0 step: 146 Tokens seen: 18688 Train Loss: 10.167584419250488
INFO     Train epoch: 0 step: 147 Tokens seen: 18816 Train Loss: 9.988369941711426
INFO     Train epoch: 0 step: 148 Tokens seen: 18944 Train Loss: 10.177108764648438
INFO     Train epoch: 0 step: 149 Tokens seen: 19072 Train Loss: 10.279500007629395
INFO     Train epoch: 0 step: 150 Tokens seen: 19200 Train Loss: 10.15267276763916
INFO     Eval Step: 150 Tokens seen: 19200 Val Loss : 10.27565706693209
INFO     Train epoch: 0 step: 151 Tokens seen: 19328 Train Loss: 10.21970272064209
INFO     Train epoch: 0 step: 152 Tokens seen: 19456 Train Loss: 10.327704429626465
INFO     Train epoch: 0 step: 153 Tokens seen: 19584 Train Loss: 10.012529373168945
INFO     Train epoch: 0 step: 154 Tokens seen: 19712 Train Loss: 10.170124053955078
INFO     Train epoch: 0 step: 155 Tokens seen: 19840 Train Loss: 10.08962631225586
INFO     Train epoch: 0 step: 156 Tokens seen: 19968 Train Loss: 10.052799224853516
INFO     Train epoch: 0 step: 157 Tokens seen: 20096 Train Loss: 10.259200096130371
INFO     Train epoch: 0 step: 158 Tokens seen: 20224 Train Loss: 10.332749366760254
INFO     Train epoch: 0 step: 159 Tokens seen: 20352 Train Loss: 10.133305549621582
INFO     Train epoch: 0 step: 160 Tokens seen: 20480 Train Loss: 10.345064163208008
INFO     Train epoch: 0 step: 161 Tokens seen: 20608 Train Loss: 10.182873725891113
INFO     Train epoch: 0 step: 162 Tokens seen: 20736 Train Loss: 10.146795272827148
INFO     Train epoch: 0 step: 163 Tokens seen: 20864 Train Loss: 10.181025505065918
INFO     Train epoch: 0 step: 164 Tokens seen: 20992 Train Loss: 10.002117156982422
INFO     Train epoch: 0 step: 165 Tokens seen: 21120 Train Loss: 10.171161651611328
INFO     Train epoch: 0 step: 166 Tokens seen: 21248 Train Loss: 10.286567687988281
INFO     Train epoch: 0 step: 167 Tokens seen: 21376 Train Loss: 9.992452621459961
INFO     Train epoch: 0 step: 168 Tokens seen: 21504 Train Loss: 10.287406921386719
INFO     Train epoch: 0 step: 169 Tokens seen: 21632 Train Loss: 10.257474899291992
INFO     Train epoch: 0 step: 170 Tokens seen: 21760 Train Loss: 10.457649230957031
INFO     Train epoch: 0 step: 171 Tokens seen: 21888 Train Loss: 10.185188293457031
INFO     Train epoch: 0 step: 172 Tokens seen: 22016 Train Loss: 10.3884859085083
INFO     Train epoch: 0 step: 173 Tokens seen: 22144 Train Loss: 10.063920021057129
INFO     Train epoch: 0 step: 174 Tokens seen: 22272 Train Loss: 9.928171157836914
INFO     Train epoch: 0 step: 175 Tokens seen: 22400 Train Loss: 10.099044799804688
INFO     Train epoch: 0 step: 176 Tokens seen: 22528 Train Loss: 10.36988353729248
INFO     Train epoch: 0 step: 177 Tokens seen: 22656 Train Loss: 10.030295372009277
INFO     Train epoch: 0 step: 178 Tokens seen: 22784 Train Loss: 10.169315338134766
INFO     Train epoch: 0 step: 179 Tokens seen: 22912 Train Loss: 10.342896461486816
INFO     Train epoch: 0 step: 180 Tokens seen: 23040 Train Loss: 10.20518684387207
INFO     Train epoch: 0 step: 181 Tokens seen: 23168 Train Loss: 10.05025863647461
INFO     Train epoch: 0 step: 182 Tokens seen: 23296 Train Loss: 10.178169250488281
INFO     Train epoch: 0 step: 183 Tokens seen: 23424 Train Loss: 10.046916961669922
INFO     Train epoch: 0 step: 184 Tokens seen: 23552 Train Loss: 10.14138412475586
INFO     Train epoch: 0 step: 185 Tokens seen: 23680 Train Loss: 10.191397666931152
INFO     Train epoch: 0 step: 186 Tokens seen: 23808 Train Loss: 10.030746459960938
INFO     Train epoch: 0 step: 187 Tokens seen: 23936 Train Loss: 10.03687572479248
INFO     Train epoch: 0 step: 188 Tokens seen: 24064 Train Loss: 10.390321731567383
INFO     Train epoch: 0 step: 189 Tokens seen: 24192 Train Loss: 10.358386993408203
INFO     Train epoch: 0 step: 190 Tokens seen: 24320 Train Loss: 9.719642639160156
INFO     Train epoch: 0 step: 191 Tokens seen: 24448 Train Loss: 9.974419593811035
INFO     Train epoch: 0 step: 192 Tokens seen: 24576 Train Loss: 10.072327613830566
INFO     Train epoch: 0 step: 193 Tokens seen: 24704 Train Loss: 10.210585594177246
INFO     Train epoch: 0 step: 194 Tokens seen: 24832 Train Loss: 10.051392555236816
INFO     Train epoch: 0 step: 195 Tokens seen: 24960 Train Loss: 10.20030689239502
INFO     Train epoch: 0 step: 196 Tokens seen: 25088 Train Loss: 9.948259353637695
INFO     Train epoch: 0 step: 197 Tokens seen: 25216 Train Loss: 10.043149948120117
INFO     Train epoch: 0 step: 198 Tokens seen: 25344 Train Loss: 10.060755729675293
INFO     Train epoch: 0 step: 199 Tokens seen: 25472 Train Loss: 9.954877853393555
INFO     Train epoch: 0 step: 200 Tokens seen: 25600 Train Loss: 10.059842109680176
INFO     Eval Step: 200 Tokens seen: 25600 Val Loss : 10.049981557405912
INFO     Checkpoint Saved | Train loss: {loss} | Eval loss: {val_loss}
INFO     Train epoch: 0 step: 201 Tokens seen: 25728 Train Loss: 10.18542194366455
INFO     Train epoch: 0 step: 202 Tokens seen: 25856 Train Loss: 10.208863258361816
INFO     Train epoch: 0 step: 203 Tokens seen: 25984 Train Loss: 10.010631561279297
INFO     Train epoch: 0 step: 204 Tokens seen: 26112 Train Loss: 10.087645530700684
INFO     Train epoch: 0 step: 205 Tokens seen: 26240 Train Loss: 9.830055236816406
INFO     Train epoch: 0 step: 206 Tokens seen: 26368 Train Loss: 10.147661209106445
INFO     Train epoch: 0 step: 207 Tokens seen: 26496 Train Loss: 9.908524513244629
INFO     Train epoch: 0 step: 208 Tokens seen: 26624 Train Loss: 10.042529106140137
INFO     Train epoch: 0 step: 209 Tokens seen: 26752 Train Loss: 9.944215774536133
INFO     Train epoch: 0 step: 210 Tokens seen: 26880 Train Loss: 10.095620155334473
INFO     Train epoch: 0 step: 211 Tokens seen: 27008 Train Loss: 9.517107963562012
INFO     Train epoch: 0 step: 212 Tokens seen: 27136 Train Loss: 10.039772987365723
INFO     Train epoch: 0 step: 213 Tokens seen: 27264 Train Loss: 10.058423042297363
INFO     Train epoch: 0 step: 214 Tokens seen: 27392 Train Loss: 9.966723442077637
INFO     Train epoch: 0 step: 215 Tokens seen: 27520 Train Loss: 10.049331665039062
INFO     Train epoch: 0 step: 216 Tokens seen: 27648 Train Loss: 9.657369613647461
INFO     Train epoch: 0 step: 217 Tokens seen: 27776 Train Loss: 9.866891860961914
INFO     Train epoch: 0 step: 218 Tokens seen: 27904 Train Loss: 10.288320541381836
INFO     Train epoch: 0 step: 219 Tokens seen: 28032 Train Loss: 10.010930061340332
INFO     Train epoch: 0 step: 220 Tokens seen: 28160 Train Loss: 10.087821006774902
INFO     Train epoch: 0 step: 221 Tokens seen: 28288 Train Loss: 9.645734786987305
INFO     Train epoch: 0 step: 222 Tokens seen: 28416 Train Loss: 9.964967727661133
INFO     Train epoch: 0 step: 223 Tokens seen: 28544 Train Loss: 10.096457481384277
INFO     Train epoch: 0 step: 224 Tokens seen: 28672 Train Loss: 10.069454193115234
INFO     Train epoch: 0 step: 225 Tokens seen: 28800 Train Loss: 9.771222114562988
INFO     Train epoch: 0 step: 226 Tokens seen: 28928 Train Loss: 9.753437995910645
INFO     Train epoch: 0 step: 227 Tokens seen: 29056 Train Loss: 9.987922668457031
INFO     Train epoch: 0 step: 228 Tokens seen: 29184 Train Loss: 10.097904205322266
INFO     Train epoch: 0 step: 229 Tokens seen: 29312 Train Loss: 9.712286949157715
INFO     Train epoch: 0 step: 230 Tokens seen: 29440 Train Loss: 9.97423267364502
INFO     Train epoch: 0 step: 231 Tokens seen: 29568 Train Loss: 10.065796852111816
INFO     Train epoch: 0 step: 232 Tokens seen: 29696 Train Loss: 9.79621410369873
INFO     Train epoch: 0 step: 233 Tokens seen: 29824 Train Loss: 9.639036178588867
INFO     Train epoch: 0 step: 234 Tokens seen: 29952 Train Loss: 9.975083351135254
INFO     Train epoch: 0 step: 235 Tokens seen: 30080 Train Loss: 9.74256420135498
INFO     Train epoch: 0 step: 236 Tokens seen: 30208 Train Loss: 9.6254243850708
INFO     Train epoch: 0 step: 237 Tokens seen: 30336 Train Loss: 9.849224090576172
INFO     Train epoch: 0 step: 238 Tokens seen: 30464 Train Loss: 10.057784080505371
INFO     Train epoch: 0 step: 239 Tokens seen: 30592 Train Loss: 9.751391410827637
INFO     Train epoch: 0 step: 240 Tokens seen: 30720 Train Loss: 9.957998275756836
INFO     Train epoch: 0 step: 241 Tokens seen: 30848 Train Loss: 9.558205604553223
INFO     Train epoch: 0 step: 242 Tokens seen: 30976 Train Loss: 9.864627838134766
INFO     Train epoch: 0 step: 243 Tokens seen: 31104 Train Loss: 9.758971214294434
INFO     Train epoch: 0 step: 244 Tokens seen: 31232 Train Loss: 9.910273551940918
INFO     Train epoch: 0 step: 245 Tokens seen: 31360 Train Loss: 9.948383331298828
INFO     Train epoch: 0 step: 246 Tokens seen: 31488 Train Loss: 9.349837303161621
INFO     Train epoch: 0 step: 247 Tokens seen: 31616 Train Loss: 9.65121841430664
INFO     Train epoch: 0 step: 248 Tokens seen: 31744 Train Loss: 10.094747543334961
INFO     Train epoch: 0 step: 249 Tokens seen: 31872 Train Loss: 9.84318733215332
INFO     Train epoch: 0 step: 250 Tokens seen: 32000 Train Loss: 10.055229187011719
INFO     Eval Step: 250 Tokens seen: 32000 Val Loss : 9.715653297228691
INFO     Train epoch: 0 step: 251 Tokens seen: 32128 Train Loss: 9.392526626586914
INFO     Train epoch: 0 step: 252 Tokens seen: 32256 Train Loss: 9.659688949584961
INFO     Train epoch: 0 step: 253 Tokens seen: 32384 Train Loss: 9.635049819946289
INFO     Train epoch: 0 step: 254 Tokens seen: 32512 Train Loss: 9.751446723937988
INFO     Train epoch: 0 step: 255 Tokens seen: 32640 Train Loss: 9.783541679382324
INFO     Train epoch: 0 step: 256 Tokens seen: 32768 Train Loss: 9.919853210449219
INFO     Train epoch: 0 step: 257 Tokens seen: 32896 Train Loss: 9.985612869262695
INFO     Train epoch: 0 step: 258 Tokens seen: 33024 Train Loss: 9.772977828979492
INFO     Train epoch: 0 step: 259 Tokens seen: 33152 Train Loss: 9.3349609375
INFO     Train epoch: 0 step: 260 Tokens seen: 33280 Train Loss: 9.720412254333496
INFO     Train epoch: 0 step: 261 Tokens seen: 33408 Train Loss: 9.571181297302246
INFO     Train epoch: 0 step: 262 Tokens seen: 33536 Train Loss: 9.915461540222168
INFO     Train epoch: 0 step: 263 Tokens seen: 33664 Train Loss: 9.494144439697266
INFO     Train epoch: 0 step: 264 Tokens seen: 33792 Train Loss: 9.773979187011719
INFO     Train epoch: 0 step: 265 Tokens seen: 33920 Train Loss: 10.166413307189941
INFO     Train epoch: 0 step: 266 Tokens seen: 34048 Train Loss: 10.056841850280762
INFO     Train epoch: 0 step: 267 Tokens seen: 34176 Train Loss: 9.601390838623047
INFO     Train epoch: 0 step: 268 Tokens seen: 34304 Train Loss: 10.211945533752441
INFO     Train epoch: 0 step: 269 Tokens seen: 34432 Train Loss: 9.865799903869629
INFO     Train epoch: 0 step: 270 Tokens seen: 34560 Train Loss: 9.703726768493652
INFO     Train epoch: 0 step: 271 Tokens seen: 34688 Train Loss: 9.534137725830078
INFO     Train epoch: 0 step: 272 Tokens seen: 34816 Train Loss: 9.446621894836426
INFO     Train epoch: 0 step: 273 Tokens seen: 34944 Train Loss: 9.578727722167969
INFO     Train epoch: 0 step: 274 Tokens seen: 35072 Train Loss: 9.386256217956543
INFO     Train epoch: 0 step: 275 Tokens seen: 35200 Train Loss: 9.499234199523926
INFO     Train epoch: 0 step: 276 Tokens seen: 35328 Train Loss: 9.861366271972656
INFO     Train epoch: 0 step: 277 Tokens seen: 35456 Train Loss: 9.81292724609375
INFO     Train epoch: 0 step: 278 Tokens seen: 35584 Train Loss: 9.820426940917969
INFO     Train epoch: 0 step: 279 Tokens seen: 35712 Train Loss: 9.516397476196289
INFO     Train epoch: 0 step: 280 Tokens seen: 35840 Train Loss: 9.586566925048828
INFO     Train epoch: 0 step: 281 Tokens seen: 35968 Train Loss: 9.679634094238281
INFO     Train epoch: 0 step: 282 Tokens seen: 36096 Train Loss: 9.561955451965332
INFO     Train epoch: 0 step: 283 Tokens seen: 36224 Train Loss: 9.578883171081543
INFO     Train epoch: 0 step: 284 Tokens seen: 36352 Train Loss: 9.887406349182129
INFO     Train epoch: 0 step: 285 Tokens seen: 36480 Train Loss: 9.34862995147705
INFO     Train epoch: 0 step: 286 Tokens seen: 36608 Train Loss: 9.423269271850586
INFO     Train epoch: 0 step: 287 Tokens seen: 36736 Train Loss: 9.741682052612305
INFO     Train epoch: 0 step: 288 Tokens seen: 36864 Train Loss: 10.072931289672852
INFO     Train epoch: 0 step: 289 Tokens seen: 36992 Train Loss: 9.850217819213867
INFO     Train epoch: 0 step: 290 Tokens seen: 37120 Train Loss: 9.359728813171387
INFO     Train epoch: 0 step: 291 Tokens seen: 37248 Train Loss: 9.280293464660645
INFO     Train epoch: 0 step: 292 Tokens seen: 37376 Train Loss: 9.726813316345215
INFO     Train epoch: 0 step: 293 Tokens seen: 37504 Train Loss: 9.621630668640137
INFO     Train epoch: 0 step: 294 Tokens seen: 37632 Train Loss: 9.71922492980957
INFO     Train epoch: 0 step: 295 Tokens seen: 37760 Train Loss: 9.191218376159668
INFO     Train epoch: 0 step: 296 Tokens seen: 37888 Train Loss: 9.243647575378418
INFO     Train epoch: 0 step: 297 Tokens seen: 38016 Train Loss: 9.609391212463379
INFO     Train epoch: 0 step: 298 Tokens seen: 38144 Train Loss: 9.610758781433105
INFO     Train epoch: 0 step: 299 Tokens seen: 38272 Train Loss: 9.51652717590332
INFO     Train epoch: 0 step: 300 Tokens seen: 38400 Train Loss: 9.265875816345215
INFO     Eval Step: 300 Tokens seen: 38400 Val Loss : 9.489810527899326
INFO     Checkpoint Saved | Train loss: {loss} | Eval loss: {val_loss}
INFO     Train epoch: 0 step: 301 Tokens seen: 38528 Train Loss: 9.791184425354004
INFO     Train epoch: 0 step: 302 Tokens seen: 38656 Train Loss: 9.682442665100098
INFO     Train epoch: 0 step: 303 Tokens seen: 38784 Train Loss: 9.119588851928711
INFO     Train epoch: 0 step: 304 Tokens seen: 38912 Train Loss: 9.740036010742188
INFO     Train epoch: 0 step: 305 Tokens seen: 39040 Train Loss: 9.58164119720459
INFO     Train epoch: 0 step: 306 Tokens seen: 39168 Train Loss: 9.325576782226562
INFO     Train epoch: 0 step: 307 Tokens seen: 39296 Train Loss: 9.348344802856445
INFO     Train epoch: 0 step: 308 Tokens seen: 39424 Train Loss: 9.182361602783203
INFO     Train epoch: 0 step: 309 Tokens seen: 39552 Train Loss: 9.264967918395996
INFO     Train epoch: 0 step: 310 Tokens seen: 39680 Train Loss: 9.308571815490723
INFO     Train epoch: 0 step: 311 Tokens seen: 39808 Train Loss: 9.381400108337402
INFO     Train epoch: 0 step: 312 Tokens seen: 39936 Train Loss: 9.145539283752441
INFO     Train epoch: 0 step: 313 Tokens seen: 40064 Train Loss: 9.197019577026367
INFO     Train epoch: 0 step: 314 Tokens seen: 40192 Train Loss: 9.720995903015137
INFO     Train epoch: 0 step: 315 Tokens seen: 40320 Train Loss: 9.24627685546875
INFO     Train epoch: 0 step: 316 Tokens seen: 40448 Train Loss: 9.361398696899414
INFO     Train epoch: 0 step: 317 Tokens seen: 40576 Train Loss: 9.359610557556152
INFO     Train epoch: 0 step: 318 Tokens seen: 40704 Train Loss: 9.484259605407715
INFO     Train epoch: 0 step: 319 Tokens seen: 40832 Train Loss: 9.711586952209473
INFO     Train epoch: 0 step: 320 Tokens seen: 40960 Train Loss: 9.438874244689941
INFO     Train epoch: 0 step: 321 Tokens seen: 41088 Train Loss: 9.63131332397461
INFO     Train epoch: 0 step: 322 Tokens seen: 41216 Train Loss: 9.584562301635742
INFO     Train epoch: 0 step: 323 Tokens seen: 41344 Train Loss: 9.346263885498047
INFO     Train epoch: 0 step: 324 Tokens seen: 41472 Train Loss: 9.826146125793457
INFO     Train epoch: 0 step: 325 Tokens seen: 41600 Train Loss: 9.260611534118652
INFO     Train epoch: 0 step: 326 Tokens seen: 41728 Train Loss: 9.03409481048584
INFO     Train epoch: 0 step: 327 Tokens seen: 41856 Train Loss: 8.965530395507812
INFO     Train epoch: 0 step: 328 Tokens seen: 41984 Train Loss: 9.278864860534668
INFO     Train epoch: 0 step: 329 Tokens seen: 42112 Train Loss: 9.637910842895508
INFO     Train epoch: 0 step: 330 Tokens seen: 42240 Train Loss: 9.317808151245117
INFO     Train epoch: 0 step: 331 Tokens seen: 42368 Train Loss: 9.121506690979004
INFO     Train epoch: 0 step: 332 Tokens seen: 42496 Train Loss: 9.143640518188477
INFO     Train epoch: 0 step: 333 Tokens seen: 42624 Train Loss: 9.246099472045898
INFO     Train epoch: 0 step: 334 Tokens seen: 42752 Train Loss: 9.329364776611328
INFO     Train epoch: 0 step: 335 Tokens seen: 42880 Train Loss: 9.41897201538086
INFO     Train epoch: 0 step: 336 Tokens seen: 43008 Train Loss: 9.358476638793945
INFO     Train epoch: 0 step: 337 Tokens seen: 43136 Train Loss: 8.839295387268066
INFO     Train epoch: 0 step: 338 Tokens seen: 43264 Train Loss: 9.539742469787598
INFO     Train epoch: 0 step: 339 Tokens seen: 43392 Train Loss: 9.215789794921875
INFO     Train epoch: 0 step: 340 Tokens seen: 43520 Train Loss: 9.367229461669922
INFO     Train epoch: 0 step: 341 Tokens seen: 43648 Train Loss: 9.301798820495605
INFO     Epoch 0 ended with train loss 10.169546591571349 validation loss 9.489810527899326
INFO     Model is compiled!
INFO     Train epoch: 0 step: 1 Tokens seen: 128 Train Loss: 11.043543815612793
INFO     Train epoch: 0 step: 2 Tokens seen: 256 Train Loss: 10.828145027160645
INFO     Train epoch: 0 step: 3 Tokens seen: 384 Train Loss: 11.144577026367188
INFO     Train epoch: 0 step: 4 Tokens seen: 512 Train Loss: 11.00991439819336
INFO     Train epoch: 0 step: 5 Tokens seen: 640 Train Loss: 10.910043716430664
INFO     Train epoch: 0 step: 6 Tokens seen: 768 Train Loss: 10.994150161743164
INFO     Train epoch: 0 step: 7 Tokens seen: 896 Train Loss: 10.930074691772461
INFO     Train epoch: 0 step: 8 Tokens seen: 1024 Train Loss: 10.862802505493164
INFO     Train epoch: 0 step: 9 Tokens seen: 1152 Train Loss: 11.242429733276367
INFO     Train epoch: 0 step: 10 Tokens seen: 1280 Train Loss: 10.749723434448242
INFO     Train epoch: 0 step: 11 Tokens seen: 1408 Train Loss: 11.063942909240723
INFO     Train epoch: 0 step: 12 Tokens seen: 1536 Train Loss: 11.08663558959961
INFO     Train epoch: 0 step: 13 Tokens seen: 1664 Train Loss: 10.933034896850586
INFO     Train epoch: 0 step: 14 Tokens seen: 1792 Train Loss: 10.969551086425781
INFO     Train epoch: 0 step: 15 Tokens seen: 1920 Train Loss: 11.024543762207031
INFO     Train epoch: 0 step: 16 Tokens seen: 2048 Train Loss: 10.88083553314209
INFO     Train epoch: 0 step: 17 Tokens seen: 2176 Train Loss: 10.910226821899414
INFO     Train epoch: 0 step: 18 Tokens seen: 2304 Train Loss: 10.949945449829102
INFO     Train epoch: 0 step: 19 Tokens seen: 2432 Train Loss: 10.94085693359375
INFO     Train epoch: 0 step: 20 Tokens seen: 2560 Train Loss: 11.007129669189453
INFO     Train epoch: 0 step: 21 Tokens seen: 2688 Train Loss: 10.932352066040039
INFO     Train epoch: 0 step: 22 Tokens seen: 2816 Train Loss: 10.95064640045166
INFO     Train epoch: 0 step: 23 Tokens seen: 2944 Train Loss: 10.635849952697754
INFO     Train epoch: 0 step: 24 Tokens seen: 3072 Train Loss: 10.932182312011719
INFO     Train epoch: 0 step: 25 Tokens seen: 3200 Train Loss: 11.041631698608398
INFO     Train epoch: 0 step: 26 Tokens seen: 3328 Train Loss: 10.966935157775879
INFO     Train epoch: 0 step: 27 Tokens seen: 3456 Train Loss: 11.032113075256348
INFO     Train epoch: 0 step: 28 Tokens seen: 3584 Train Loss: 10.824601173400879
INFO     Train epoch: 0 step: 29 Tokens seen: 3712 Train Loss: 10.62589168548584
INFO     Train epoch: 0 step: 30 Tokens seen: 3840 Train Loss: 10.83838939666748
INFO     Train epoch: 0 step: 31 Tokens seen: 3968 Train Loss: 10.907597541809082
INFO     Train epoch: 0 step: 32 Tokens seen: 4096 Train Loss: 10.569417953491211
INFO     Train epoch: 0 step: 33 Tokens seen: 4224 Train Loss: 10.980628967285156
INFO     Train epoch: 0 step: 34 Tokens seen: 4352 Train Loss: 10.890068054199219
INFO     Train epoch: 0 step: 35 Tokens seen: 4480 Train Loss: 10.980131149291992
INFO     Train epoch: 0 step: 36 Tokens seen: 4608 Train Loss: 10.912236213684082
INFO     Train epoch: 0 step: 37 Tokens seen: 4736 Train Loss: 10.690299987792969
INFO     Train epoch: 0 step: 38 Tokens seen: 4864 Train Loss: 10.956276893615723
INFO     Train epoch: 0 step: 39 Tokens seen: 4992 Train Loss: 10.873987197875977
INFO     Train epoch: 0 step: 40 Tokens seen: 5120 Train Loss: 10.838750839233398
INFO     Train epoch: 0 step: 41 Tokens seen: 5248 Train Loss: 10.9672212600708
INFO     Train epoch: 0 step: 42 Tokens seen: 5376 Train Loss: 10.626961708068848
INFO     Train epoch: 0 step: 43 Tokens seen: 5504 Train Loss: 10.911500930786133
INFO     Train epoch: 0 step: 44 Tokens seen: 5632 Train Loss: 11.088461875915527
INFO     Train epoch: 0 step: 45 Tokens seen: 5760 Train Loss: 10.848030090332031
INFO     Train epoch: 0 step: 46 Tokens seen: 5888 Train Loss: 10.9010591506958
INFO     Train epoch: 0 step: 47 Tokens seen: 6016 Train Loss: 10.786309242248535
INFO     Train epoch: 0 step: 48 Tokens seen: 6144 Train Loss: 11.029214859008789
INFO     Train epoch: 0 step: 49 Tokens seen: 6272 Train Loss: 10.785127639770508
INFO     Train epoch: 0 step: 50 Tokens seen: 6400 Train Loss: 10.804553031921387
INFO     Eval Step: 50 Tokens seen: 6400 Val Loss : 10.83999413710374
INFO     Train epoch: 0 step: 51 Tokens seen: 6528 Train Loss: 10.863340377807617
INFO     Train epoch: 0 step: 52 Tokens seen: 6656 Train Loss: 10.980228424072266
INFO     Train epoch: 0 step: 53 Tokens seen: 6784 Train Loss: 10.651154518127441
INFO     Train epoch: 0 step: 54 Tokens seen: 6912 Train Loss: 10.837321281433105
INFO     Train epoch: 0 step: 55 Tokens seen: 7040 Train Loss: 10.653565406799316
INFO     Train epoch: 0 step: 56 Tokens seen: 7168 Train Loss: 10.891929626464844
INFO     Train epoch: 0 step: 57 Tokens seen: 7296 Train Loss: 10.674803733825684
INFO     Train epoch: 0 step: 58 Tokens seen: 7424 Train Loss: 10.813586235046387
INFO     Train epoch: 0 step: 59 Tokens seen: 7552 Train Loss: 10.866009712219238
INFO     Train epoch: 0 step: 60 Tokens seen: 7680 Train Loss: 10.724933624267578
INFO     Train epoch: 0 step: 61 Tokens seen: 7808 Train Loss: 10.808892250061035
INFO     Train epoch: 0 step: 62 Tokens seen: 7936 Train Loss: 11.068611145019531
INFO     Train epoch: 0 step: 63 Tokens seen: 8064 Train Loss: 10.74002742767334
INFO     Train epoch: 0 step: 64 Tokens seen: 8192 Train Loss: 10.748043060302734
INFO     Train epoch: 0 step: 65 Tokens seen: 8320 Train Loss: 11.031999588012695
INFO     Train epoch: 0 step: 66 Tokens seen: 8448 Train Loss: 10.781813621520996
INFO     Train epoch: 0 step: 67 Tokens seen: 8576 Train Loss: 10.836063385009766
INFO     Train epoch: 0 step: 68 Tokens seen: 8704 Train Loss: 10.811250686645508
INFO     Train epoch: 0 step: 69 Tokens seen: 8832 Train Loss: 10.905686378479004
INFO     Train epoch: 0 step: 70 Tokens seen: 8960 Train Loss: 10.563705444335938
INFO     Train epoch: 0 step: 71 Tokens seen: 9088 Train Loss: 10.829710006713867
INFO     Train epoch: 0 step: 72 Tokens seen: 9216 Train Loss: 10.607616424560547
INFO     Train epoch: 0 step: 73 Tokens seen: 9344 Train Loss: 10.781133651733398
INFO     Train epoch: 0 step: 74 Tokens seen: 9472 Train Loss: 10.729721069335938
INFO     Train epoch: 0 step: 75 Tokens seen: 9600 Train Loss: 10.721413612365723
INFO     Train epoch: 0 step: 76 Tokens seen: 9728 Train Loss: 10.468449592590332
INFO     Train epoch: 0 step: 77 Tokens seen: 9856 Train Loss: 10.60960865020752
INFO     Train epoch: 0 step: 78 Tokens seen: 9984 Train Loss: 10.56077766418457
INFO     Train epoch: 0 step: 79 Tokens seen: 10112 Train Loss: 10.471303939819336
INFO     Train epoch: 0 step: 80 Tokens seen: 10240 Train Loss: 10.637457847595215
INFO     Train epoch: 0 step: 81 Tokens seen: 10368 Train Loss: 10.965291976928711
INFO     Train epoch: 0 step: 82 Tokens seen: 10496 Train Loss: 10.664399147033691
INFO     Train epoch: 0 step: 83 Tokens seen: 10624 Train Loss: 10.558795928955078
INFO     Train epoch: 0 step: 84 Tokens seen: 10752 Train Loss: 10.531106948852539
INFO     Train epoch: 0 step: 85 Tokens seen: 10880 Train Loss: 10.728421211242676
INFO     Train epoch: 0 step: 86 Tokens seen: 11008 Train Loss: 10.810312271118164
INFO     Train epoch: 0 step: 87 Tokens seen: 11136 Train Loss: 10.637377738952637
INFO     Train epoch: 0 step: 88 Tokens seen: 11264 Train Loss: 10.66486644744873
INFO     Train epoch: 0 step: 89 Tokens seen: 11392 Train Loss: 10.637649536132812
INFO     Train epoch: 0 step: 90 Tokens seen: 11520 Train Loss: 10.761981010437012
INFO     Train epoch: 0 step: 91 Tokens seen: 11648 Train Loss: 10.791956901550293
INFO     Train epoch: 0 step: 92 Tokens seen: 11776 Train Loss: 10.639789581298828
INFO     Train epoch: 0 step: 93 Tokens seen: 11904 Train Loss: 10.684263229370117
INFO     Train epoch: 0 step: 94 Tokens seen: 12032 Train Loss: 10.549369812011719
INFO     Train epoch: 0 step: 95 Tokens seen: 12160 Train Loss: 10.470487594604492
INFO     Train epoch: 0 step: 96 Tokens seen: 12288 Train Loss: 10.578550338745117
INFO     Train epoch: 0 step: 97 Tokens seen: 12416 Train Loss: 10.589034080505371
INFO     Train epoch: 0 step: 98 Tokens seen: 12544 Train Loss: 10.722586631774902
INFO     Train epoch: 0 step: 99 Tokens seen: 12672 Train Loss: 10.599480628967285
INFO     Train epoch: 0 step: 100 Tokens seen: 12800 Train Loss: 10.687041282653809
INFO     Eval Step: 100 Tokens seen: 12800 Val Loss : 10.553158002021986
INFO     Checkpoint Saved | Train loss: 10.687041282653809 | Eval loss: 10.553158002021986
INFO     Train epoch: 0 step: 101 Tokens seen: 12928 Train Loss: 10.773218154907227
INFO     Train epoch: 0 step: 102 Tokens seen: 13056 Train Loss: 10.712656021118164
INFO     Train epoch: 0 step: 103 Tokens seen: 13184 Train Loss: 10.404353141784668
INFO     Train epoch: 0 step: 104 Tokens seen: 13312 Train Loss: 10.556736946105957
INFO     Train epoch: 0 step: 105 Tokens seen: 13440 Train Loss: 10.717402458190918
INFO     Train epoch: 0 step: 106 Tokens seen: 13568 Train Loss: 10.639368057250977
INFO     Train epoch: 0 step: 107 Tokens seen: 13696 Train Loss: 10.658686637878418
INFO     Train epoch: 0 step: 108 Tokens seen: 13824 Train Loss: 10.291960716247559
INFO     Train epoch: 0 step: 109 Tokens seen: 13952 Train Loss: 10.372611999511719
INFO     Train epoch: 0 step: 110 Tokens seen: 14080 Train Loss: 10.502677917480469
INFO     Train epoch: 0 step: 111 Tokens seen: 14208 Train Loss: 10.670955657958984
INFO     Train epoch: 0 step: 112 Tokens seen: 14336 Train Loss: 10.83634090423584
INFO     Train epoch: 0 step: 113 Tokens seen: 14464 Train Loss: 10.604455947875977
INFO     Train epoch: 0 step: 114 Tokens seen: 14592 Train Loss: 10.293355941772461
INFO     Train epoch: 0 step: 115 Tokens seen: 14720 Train Loss: 10.459711074829102
INFO     Train epoch: 0 step: 116 Tokens seen: 14848 Train Loss: 10.772217750549316
INFO     Train epoch: 0 step: 117 Tokens seen: 14976 Train Loss: 10.369852066040039
INFO     Train epoch: 0 step: 118 Tokens seen: 15104 Train Loss: 10.43311595916748
INFO     Train epoch: 0 step: 119 Tokens seen: 15232 Train Loss: 10.496795654296875
INFO     Train epoch: 0 step: 120 Tokens seen: 15360 Train Loss: 10.465003967285156
INFO     Train epoch: 0 step: 121 Tokens seen: 15488 Train Loss: 10.643823623657227
INFO     Train epoch: 0 step: 122 Tokens seen: 15616 Train Loss: 10.394965171813965
INFO     Train epoch: 0 step: 123 Tokens seen: 15744 Train Loss: 10.805862426757812
INFO     Train epoch: 0 step: 124 Tokens seen: 15872 Train Loss: 10.21218204498291
INFO     Train epoch: 0 step: 125 Tokens seen: 16000 Train Loss: 10.592779159545898
INFO     Train epoch: 0 step: 126 Tokens seen: 16128 Train Loss: 10.606884002685547
INFO     Train epoch: 0 step: 127 Tokens seen: 16256 Train Loss: 10.579047203063965
INFO     Train epoch: 0 step: 128 Tokens seen: 16384 Train Loss: 10.581841468811035
INFO     Train epoch: 0 step: 129 Tokens seen: 16512 Train Loss: 10.51922607421875
INFO     Train epoch: 0 step: 130 Tokens seen: 16640 Train Loss: 10.211132049560547
INFO     Train epoch: 0 step: 131 Tokens seen: 16768 Train Loss: 10.598902702331543
INFO     Train epoch: 0 step: 132 Tokens seen: 16896 Train Loss: 10.267077445983887
INFO     Train epoch: 0 step: 133 Tokens seen: 17024 Train Loss: 10.559625625610352
INFO     Train epoch: 0 step: 134 Tokens seen: 17152 Train Loss: 10.543561935424805
INFO     Train epoch: 0 step: 135 Tokens seen: 17280 Train Loss: 10.189143180847168
INFO     Train epoch: 0 step: 136 Tokens seen: 17408 Train Loss: 10.38163948059082
INFO     Train epoch: 0 step: 137 Tokens seen: 17536 Train Loss: 10.536468505859375
INFO     Train epoch: 0 step: 138 Tokens seen: 17664 Train Loss: 9.93387222290039
INFO     Model is compiled!
INFO     Train epoch: 0 step: 1 Tokens seen: 128 Train Loss: 10.880654335021973
INFO     Model is compiled!
INFO     Train epoch: 0 step: 1 Tokens seen: 128 Train Loss: 10.762829780578613
INFO     Train epoch: 0 step: 2 Tokens seen: 256 Train Loss: 10.881308555603027
INFO     Train epoch: 0 step: 3 Tokens seen: 384 Train Loss: 10.869559288024902
INFO     Train epoch: 0 step: 4 Tokens seen: 512 Train Loss: 11.030776977539062
INFO     Train epoch: 0 step: 5 Tokens seen: 640 Train Loss: 10.938782691955566
INFO     Train epoch: 0 step: 6 Tokens seen: 768 Train Loss: 10.92154312133789
INFO     Train epoch: 0 step: 7 Tokens seen: 896 Train Loss: 10.834640502929688
INFO     Train epoch: 0 step: 8 Tokens seen: 1024 Train Loss: 10.76976490020752
INFO     Train epoch: 0 step: 9 Tokens seen: 1152 Train Loss: 11.041543960571289
INFO     Train epoch: 0 step: 10 Tokens seen: 1280 Train Loss: 10.831939697265625
INFO     Train epoch: 0 step: 11 Tokens seen: 1408 Train Loss: 10.908275604248047
INFO     Train epoch: 0 step: 12 Tokens seen: 1536 Train Loss: 11.01596450805664
INFO     Train epoch: 0 step: 13 Tokens seen: 1664 Train Loss: 10.798429489135742
INFO     Train epoch: 0 step: 14 Tokens seen: 1792 Train Loss: 10.966103553771973
INFO     Train epoch: 0 step: 15 Tokens seen: 1920 Train Loss: 10.882731437683105
INFO     Train epoch: 0 step: 16 Tokens seen: 2048 Train Loss: 10.870081901550293
INFO     Train epoch: 0 step: 17 Tokens seen: 2176 Train Loss: 10.981609344482422
INFO     Train epoch: 0 step: 18 Tokens seen: 2304 Train Loss: 10.687952041625977
INFO     Train epoch: 0 step: 19 Tokens seen: 2432 Train Loss: 10.858145713806152
INFO     Train epoch: 0 step: 20 Tokens seen: 2560 Train Loss: 10.771947860717773
INFO     Train epoch: 0 step: 21 Tokens seen: 2688 Train Loss: 10.546745300292969
INFO     Train epoch: 0 step: 22 Tokens seen: 2816 Train Loss: 11.332276344299316
INFO     Train epoch: 0 step: 23 Tokens seen: 2944 Train Loss: 10.716443061828613
INFO     Train epoch: 0 step: 24 Tokens seen: 3072 Train Loss: 10.930213928222656
INFO     Train epoch: 0 step: 25 Tokens seen: 3200 Train Loss: 10.767236709594727
INFO     Train epoch: 0 step: 26 Tokens seen: 3328 Train Loss: 10.92652416229248
INFO     Train epoch: 0 step: 27 Tokens seen: 3456 Train Loss: 10.540331840515137
INFO     Train epoch: 0 step: 28 Tokens seen: 3584 Train Loss: 10.92117691040039
INFO     Train epoch: 0 step: 29 Tokens seen: 3712 Train Loss: 10.669339179992676
INFO     Train epoch: 0 step: 30 Tokens seen: 3840 Train Loss: 10.612489700317383
INFO     Train epoch: 0 step: 31 Tokens seen: 3968 Train Loss: 11.030052185058594
INFO     Train epoch: 0 step: 32 Tokens seen: 4096 Train Loss: 10.776954650878906
INFO     Train epoch: 0 step: 33 Tokens seen: 4224 Train Loss: 10.828414916992188
INFO     Train epoch: 0 step: 34 Tokens seen: 4352 Train Loss: 10.731890678405762
INFO     Train epoch: 0 step: 35 Tokens seen: 4480 Train Loss: 10.87286376953125
INFO     Train epoch: 0 step: 36 Tokens seen: 4608 Train Loss: 10.235323905944824
INFO     Train epoch: 0 step: 37 Tokens seen: 4736 Train Loss: 11.090882301330566
INFO     Train epoch: 0 step: 38 Tokens seen: 4864 Train Loss: 10.645617485046387
INFO     Train epoch: 0 step: 39 Tokens seen: 4992 Train Loss: 10.73108196258545
INFO     Train epoch: 0 step: 40 Tokens seen: 5120 Train Loss: 10.783711433410645
INFO     Train epoch: 0 step: 41 Tokens seen: 5248 Train Loss: 11.077926635742188
INFO     Train epoch: 0 step: 42 Tokens seen: 5376 Train Loss: 10.50249195098877
INFO     Train epoch: 0 step: 43 Tokens seen: 5504 Train Loss: 10.965991020202637
INFO     Train epoch: 0 step: 44 Tokens seen: 5632 Train Loss: 10.729540824890137
INFO     Train epoch: 0 step: 45 Tokens seen: 5760 Train Loss: 10.874077796936035
INFO     Train epoch: 0 step: 46 Tokens seen: 5888 Train Loss: 10.717839241027832
INFO     Train epoch: 0 step: 47 Tokens seen: 6016 Train Loss: 10.640532493591309
INFO     Train epoch: 0 step: 48 Tokens seen: 6144 Train Loss: 10.635391235351562
INFO     Train epoch: 0 step: 49 Tokens seen: 6272 Train Loss: 10.531709671020508
INFO     Train epoch: 0 step: 50 Tokens seen: 6400 Train Loss: 10.622662544250488
INFO     Eval Step: 50 Tokens seen: 6400 Val Loss : 10.699578578655537
INFO     Train epoch: 0 step: 51 Tokens seen: 6528 Train Loss: 10.802061080932617
INFO     Train epoch: 0 step: 52 Tokens seen: 6656 Train Loss: 10.633368492126465
INFO     Train epoch: 0 step: 53 Tokens seen: 6784 Train Loss: 10.508999824523926
INFO     Train epoch: 0 step: 54 Tokens seen: 6912 Train Loss: 10.523494720458984
INFO     Train epoch: 0 step: 55 Tokens seen: 7040 Train Loss: 10.712993621826172
INFO     Train epoch: 0 step: 56 Tokens seen: 7168 Train Loss: 10.574176788330078
INFO     Train epoch: 0 step: 57 Tokens seen: 7296 Train Loss: 10.807147026062012
INFO     Train epoch: 0 step: 58 Tokens seen: 7424 Train Loss: 10.512053489685059
INFO     Train epoch: 0 step: 59 Tokens seen: 7552 Train Loss: 10.753602981567383
INFO     Train epoch: 0 step: 60 Tokens seen: 7680 Train Loss: 10.403853416442871
INFO     Train epoch: 0 step: 61 Tokens seen: 7808 Train Loss: 10.571868896484375
INFO     Train epoch: 0 step: 62 Tokens seen: 7936 Train Loss: 10.625178337097168
INFO     Train epoch: 0 step: 63 Tokens seen: 8064 Train Loss: 10.798738479614258
INFO     Train epoch: 0 step: 64 Tokens seen: 8192 Train Loss: 10.829163551330566
INFO     Train epoch: 0 step: 65 Tokens seen: 8320 Train Loss: 10.427830696105957
INFO     Train epoch: 0 step: 66 Tokens seen: 8448 Train Loss: 10.41324234008789
INFO     Train epoch: 0 step: 67 Tokens seen: 8576 Train Loss: 10.639440536499023
INFO     Train epoch: 0 step: 68 Tokens seen: 8704 Train Loss: 10.528634071350098
INFO     Train epoch: 0 step: 69 Tokens seen: 8832 Train Loss: 10.526154518127441
INFO     Train epoch: 0 step: 70 Tokens seen: 8960 Train Loss: 10.823546409606934
INFO     Train epoch: 0 step: 71 Tokens seen: 9088 Train Loss: 10.583098411560059
INFO     Train epoch: 0 step: 72 Tokens seen: 9216 Train Loss: 10.657532691955566
INFO     Train epoch: 0 step: 73 Tokens seen: 9344 Train Loss: 10.959073066711426
INFO     Train epoch: 0 step: 74 Tokens seen: 9472 Train Loss: 10.425971984863281
INFO     Train epoch: 0 step: 75 Tokens seen: 9600 Train Loss: 10.525717735290527
INFO     Train epoch: 0 step: 76 Tokens seen: 9728 Train Loss: 10.46670150756836
INFO     Train epoch: 0 step: 77 Tokens seen: 9856 Train Loss: 10.511841773986816
INFO     Train epoch: 0 step: 78 Tokens seen: 9984 Train Loss: 10.408498764038086
INFO     Train epoch: 0 step: 79 Tokens seen: 10112 Train Loss: 10.658500671386719
INFO     Train epoch: 0 step: 80 Tokens seen: 10240 Train Loss: 10.479947090148926
INFO     Train epoch: 0 step: 81 Tokens seen: 10368 Train Loss: 10.494634628295898
INFO     Train epoch: 0 step: 82 Tokens seen: 10496 Train Loss: 10.571605682373047
INFO     Train epoch: 0 step: 83 Tokens seen: 10624 Train Loss: 10.655800819396973
INFO     Train epoch: 0 step: 84 Tokens seen: 10752 Train Loss: 10.673709869384766
INFO     Train epoch: 0 step: 85 Tokens seen: 10880 Train Loss: 10.489153861999512
INFO     Train epoch: 0 step: 86 Tokens seen: 11008 Train Loss: 10.600822448730469
INFO     Train epoch: 0 step: 87 Tokens seen: 11136 Train Loss: 10.639463424682617
INFO     Train epoch: 0 step: 88 Tokens seen: 11264 Train Loss: 10.619799613952637
INFO     Train epoch: 0 step: 89 Tokens seen: 11392 Train Loss: 10.333549499511719
INFO     Train epoch: 0 step: 90 Tokens seen: 11520 Train Loss: 10.411806106567383
INFO     Train epoch: 0 step: 91 Tokens seen: 11648 Train Loss: 10.73684024810791
INFO     Train epoch: 0 step: 92 Tokens seen: 11776 Train Loss: 10.467646598815918
INFO     Train epoch: 0 step: 93 Tokens seen: 11904 Train Loss: 10.708386421203613
INFO     Train epoch: 0 step: 94 Tokens seen: 12032 Train Loss: 10.48228931427002
INFO     Train epoch: 0 step: 95 Tokens seen: 12160 Train Loss: 10.72296142578125
INFO     Train epoch: 0 step: 96 Tokens seen: 12288 Train Loss: 10.647178649902344
INFO     Train epoch: 0 step: 97 Tokens seen: 12416 Train Loss: 10.406867980957031
INFO     Train epoch: 0 step: 98 Tokens seen: 12544 Train Loss: 10.770116806030273
INFO     Train epoch: 0 step: 99 Tokens seen: 12672 Train Loss: 10.776928901672363
INFO     Train epoch: 0 step: 100 Tokens seen: 12800 Train Loss: 10.41479778289795
INFO     Eval Step: 100 Tokens seen: 12800 Val Loss : 10.46085700010642
INFO     Checkpoint Saved | Train loss: 10.41479778289795 | Eval loss: 10.46085700010642
INFO     Train epoch: 0 step: 101 Tokens seen: 12928 Train Loss: 10.297207832336426
INFO     Train epoch: 0 step: 102 Tokens seen: 13056 Train Loss: 10.366902351379395
INFO     Train epoch: 0 step: 103 Tokens seen: 13184 Train Loss: 10.579658508300781
INFO     Train epoch: 0 step: 104 Tokens seen: 13312 Train Loss: 10.31130599975586
INFO     Train epoch: 0 step: 105 Tokens seen: 13440 Train Loss: 10.581119537353516
INFO     Train epoch: 0 step: 106 Tokens seen: 13568 Train Loss: 10.440580368041992
INFO     Train epoch: 0 step: 107 Tokens seen: 13696 Train Loss: 10.105348587036133
INFO     Train epoch: 0 step: 108 Tokens seen: 13824 Train Loss: 10.11865234375
INFO     Train epoch: 0 step: 109 Tokens seen: 13952 Train Loss: 10.471346855163574
INFO     Train epoch: 0 step: 110 Tokens seen: 14080 Train Loss: 10.553284645080566
INFO     Train epoch: 0 step: 111 Tokens seen: 14208 Train Loss: 10.526050567626953
INFO     Train epoch: 0 step: 112 Tokens seen: 14336 Train Loss: 10.525224685668945
INFO     Train epoch: 0 step: 113 Tokens seen: 14464 Train Loss: 10.605084419250488
INFO     Train epoch: 0 step: 114 Tokens seen: 14592 Train Loss: 10.713607788085938
INFO     Train epoch: 0 step: 115 Tokens seen: 14720 Train Loss: 10.65694808959961
INFO     Train epoch: 0 step: 116 Tokens seen: 14848 Train Loss: 10.753044128417969
INFO     Train epoch: 0 step: 117 Tokens seen: 14976 Train Loss: 10.658809661865234
INFO     Train epoch: 0 step: 118 Tokens seen: 15104 Train Loss: 10.083717346191406
INFO     Train epoch: 0 step: 119 Tokens seen: 15232 Train Loss: 10.554798126220703
INFO     Train epoch: 0 step: 120 Tokens seen: 15360 Train Loss: 10.500496864318848
INFO     Train epoch: 0 step: 121 Tokens seen: 15488 Train Loss: 10.469354629516602
INFO     Train epoch: 0 step: 122 Tokens seen: 15616 Train Loss: 10.090742111206055
INFO     Train epoch: 0 step: 123 Tokens seen: 15744 Train Loss: 10.483635902404785
INFO     Train epoch: 0 step: 124 Tokens seen: 15872 Train Loss: 10.264312744140625
INFO     Train epoch: 0 step: 125 Tokens seen: 16000 Train Loss: 10.621114730834961
INFO     Train epoch: 0 step: 126 Tokens seen: 16128 Train Loss: 10.448914527893066
INFO     Train epoch: 0 step: 127 Tokens seen: 16256 Train Loss: 10.592207908630371
INFO     Train epoch: 0 step: 128 Tokens seen: 16384 Train Loss: 10.436603546142578
INFO     Train epoch: 0 step: 129 Tokens seen: 16512 Train Loss: 10.33234691619873
INFO     Train epoch: 0 step: 130 Tokens seen: 16640 Train Loss: 10.31053352355957
INFO     Train epoch: 0 step: 131 Tokens seen: 16768 Train Loss: 10.192220687866211
INFO     Train epoch: 0 step: 132 Tokens seen: 16896 Train Loss: 10.620868682861328
INFO     Train epoch: 0 step: 133 Tokens seen: 17024 Train Loss: 10.368188858032227
INFO     Train epoch: 0 step: 134 Tokens seen: 17152 Train Loss: 10.164203643798828
INFO     Train epoch: 0 step: 135 Tokens seen: 17280 Train Loss: 10.449408531188965
INFO     Train epoch: 0 step: 136 Tokens seen: 17408 Train Loss: 10.223987579345703
INFO     Train epoch: 0 step: 137 Tokens seen: 17536 Train Loss: 9.952888488769531
INFO     Train epoch: 0 step: 138 Tokens seen: 17664 Train Loss: 10.227581977844238
INFO     Train epoch: 0 step: 139 Tokens seen: 17792 Train Loss: 10.453193664550781
INFO     Train epoch: 0 step: 140 Tokens seen: 17920 Train Loss: 10.06573486328125
INFO     Train epoch: 0 step: 141 Tokens seen: 18048 Train Loss: 10.399116516113281
INFO     Train epoch: 0 step: 142 Tokens seen: 18176 Train Loss: 9.923664093017578
INFO     Train epoch: 0 step: 143 Tokens seen: 18304 Train Loss: 10.399520874023438
INFO     Train epoch: 0 step: 144 Tokens seen: 18432 Train Loss: 10.277655601501465
INFO     Train epoch: 0 step: 145 Tokens seen: 18560 Train Loss: 10.271720886230469
INFO     Train epoch: 0 step: 146 Tokens seen: 18688 Train Loss: 9.679039001464844
INFO     Train epoch: 0 step: 147 Tokens seen: 18816 Train Loss: 10.390376091003418
INFO     Train epoch: 0 step: 148 Tokens seen: 18944 Train Loss: 10.167845726013184
INFO     Train epoch: 0 step: 149 Tokens seen: 19072 Train Loss: 10.387029647827148
INFO     Train epoch: 0 step: 150 Tokens seen: 19200 Train Loss: 10.100151062011719
INFO     Eval Step: 150 Tokens seen: 19200 Val Loss : 10.181880706395859
INFO     Train epoch: 0 step: 151 Tokens seen: 19328 Train Loss: 10.040478706359863
INFO     Train epoch: 0 step: 152 Tokens seen: 19456 Train Loss: 10.21045207977295
INFO     Train epoch: 0 step: 153 Tokens seen: 19584 Train Loss: 10.357743263244629
INFO     Train epoch: 0 step: 154 Tokens seen: 19712 Train Loss: 10.282697677612305
INFO     Train epoch: 0 step: 155 Tokens seen: 19840 Train Loss: 10.159525871276855
INFO     Train epoch: 0 step: 156 Tokens seen: 19968 Train Loss: 10.657134056091309
INFO     Train epoch: 0 step: 157 Tokens seen: 20096 Train Loss: 10.235462188720703
INFO     Train epoch: 0 step: 158 Tokens seen: 20224 Train Loss: 10.240787506103516
INFO     Train epoch: 0 step: 159 Tokens seen: 20352 Train Loss: 10.242013931274414
INFO     Train epoch: 0 step: 160 Tokens seen: 20480 Train Loss: 10.335151672363281
INFO     Train epoch: 0 step: 161 Tokens seen: 20608 Train Loss: 10.194265365600586
INFO     Train epoch: 0 step: 162 Tokens seen: 20736 Train Loss: 10.14492416381836
INFO     Train epoch: 0 step: 163 Tokens seen: 20864 Train Loss: 10.213652610778809
INFO     Train epoch: 0 step: 164 Tokens seen: 20992 Train Loss: 10.372584342956543
INFO     Train epoch: 0 step: 165 Tokens seen: 21120 Train Loss: 9.915493965148926
INFO     Train epoch: 0 step: 166 Tokens seen: 21248 Train Loss: 10.136881828308105
INFO     Train epoch: 0 step: 167 Tokens seen: 21376 Train Loss: 10.22093677520752
INFO     Train epoch: 0 step: 168 Tokens seen: 21504 Train Loss: 10.113842010498047
INFO     Train epoch: 0 step: 169 Tokens seen: 21632 Train Loss: 10.320974349975586
INFO     Train epoch: 0 step: 170 Tokens seen: 21760 Train Loss: 9.67047119140625
INFO     Train epoch: 0 step: 171 Tokens seen: 21888 Train Loss: 10.082100868225098
INFO     Train epoch: 0 step: 172 Tokens seen: 22016 Train Loss: 10.247087478637695
INFO     Train epoch: 0 step: 173 Tokens seen: 22144 Train Loss: 10.295329093933105
INFO     Train epoch: 0 step: 174 Tokens seen: 22272 Train Loss: 9.850969314575195
INFO     Train epoch: 0 step: 175 Tokens seen: 22400 Train Loss: 10.0647554397583
INFO     Train epoch: 0 step: 176 Tokens seen: 22528 Train Loss: 10.51620101928711
INFO     Train epoch: 0 step: 177 Tokens seen: 22656 Train Loss: 10.152728080749512
INFO     Train epoch: 0 step: 178 Tokens seen: 22784 Train Loss: 9.85649299621582
INFO     Train epoch: 0 step: 179 Tokens seen: 22912 Train Loss: 10.111861228942871
INFO     Train epoch: 0 step: 180 Tokens seen: 23040 Train Loss: 10.048840522766113
INFO     Train epoch: 0 step: 181 Tokens seen: 23168 Train Loss: 10.174360275268555
INFO     Train epoch: 0 step: 182 Tokens seen: 23296 Train Loss: 10.180757522583008
INFO     Train epoch: 0 step: 183 Tokens seen: 23424 Train Loss: 10.110945701599121
INFO     Train epoch: 0 step: 184 Tokens seen: 23552 Train Loss: 10.0650634765625
INFO     Train epoch: 0 step: 185 Tokens seen: 23680 Train Loss: 10.049901008605957
INFO     Train epoch: 0 step: 186 Tokens seen: 23808 Train Loss: 10.110750198364258
INFO     Train epoch: 0 step: 187 Tokens seen: 23936 Train Loss: 10.186671257019043
INFO     Train epoch: 0 step: 188 Tokens seen: 24064 Train Loss: 9.866628646850586
INFO     Train epoch: 0 step: 189 Tokens seen: 24192 Train Loss: 9.885110855102539
INFO     Train epoch: 0 step: 190 Tokens seen: 24320 Train Loss: 10.019298553466797
INFO     Train epoch: 0 step: 191 Tokens seen: 24448 Train Loss: 10.074726104736328
INFO     Train epoch: 0 step: 192 Tokens seen: 24576 Train Loss: 9.98520278930664
INFO     Train epoch: 0 step: 193 Tokens seen: 24704 Train Loss: 10.132132530212402
INFO     Train epoch: 0 step: 194 Tokens seen: 24832 Train Loss: 9.685286521911621
INFO     Train epoch: 0 step: 195 Tokens seen: 24960 Train Loss: 10.169020652770996
INFO     Train epoch: 0 step: 196 Tokens seen: 25088 Train Loss: 10.039384841918945
INFO     Train epoch: 0 step: 197 Tokens seen: 25216 Train Loss: 10.010087966918945
INFO     Train epoch: 0 step: 198 Tokens seen: 25344 Train Loss: 9.75037956237793
INFO     Train epoch: 0 step: 199 Tokens seen: 25472 Train Loss: 10.055163383483887
INFO     Train epoch: 0 step: 200 Tokens seen: 25600 Train Loss: 9.860414505004883
INFO     Eval Step: 200 Tokens seen: 25600 Val Loss : 9.940234697782076
INFO     Checkpoint Saved | Train loss: 9.860414505004883 | Eval loss: 9.940234697782076
INFO     Train epoch: 0 step: 201 Tokens seen: 25728 Train Loss: 10.12202262878418
INFO     Train epoch: 0 step: 202 Tokens seen: 25856 Train Loss: 9.999436378479004
INFO     Train epoch: 0 step: 203 Tokens seen: 25984 Train Loss: 9.7974214553833
INFO     Train epoch: 0 step: 204 Tokens seen: 26112 Train Loss: 9.736929893493652
INFO     Train epoch: 0 step: 205 Tokens seen: 26240 Train Loss: 10.395374298095703
INFO     Train epoch: 0 step: 206 Tokens seen: 26368 Train Loss: 10.210436820983887
INFO     Train epoch: 0 step: 207 Tokens seen: 26496 Train Loss: 10.336189270019531
INFO     Train epoch: 0 step: 208 Tokens seen: 26624 Train Loss: 9.927630424499512
INFO     Train epoch: 0 step: 209 Tokens seen: 26752 Train Loss: 9.492716789245605
INFO     Train epoch: 0 step: 210 Tokens seen: 26880 Train Loss: 9.449135780334473
INFO     Train epoch: 0 step: 211 Tokens seen: 27008 Train Loss: 10.051726341247559
INFO     Train epoch: 0 step: 212 Tokens seen: 27136 Train Loss: 10.203047752380371
INFO     Train epoch: 0 step: 213 Tokens seen: 27264 Train Loss: 9.934972763061523
INFO     Train epoch: 0 step: 214 Tokens seen: 27392 Train Loss: 9.874774932861328
INFO     Train epoch: 0 step: 215 Tokens seen: 27520 Train Loss: 9.807390213012695
INFO     Train epoch: 0 step: 216 Tokens seen: 27648 Train Loss: 10.242551803588867
INFO     Train epoch: 0 step: 217 Tokens seen: 27776 Train Loss: 9.838274955749512
INFO     Train epoch: 0 step: 218 Tokens seen: 27904 Train Loss: 9.887190818786621
INFO     Train epoch: 0 step: 219 Tokens seen: 28032 Train Loss: 9.83486557006836
INFO     Train epoch: 0 step: 220 Tokens seen: 28160 Train Loss: 9.744183540344238
INFO     Train epoch: 0 step: 221 Tokens seen: 28288 Train Loss: 9.99631404876709
INFO     Train epoch: 0 step: 222 Tokens seen: 28416 Train Loss: 10.097380638122559
INFO     Train epoch: 0 step: 223 Tokens seen: 28544 Train Loss: 10.015413284301758
INFO     Train epoch: 0 step: 224 Tokens seen: 28672 Train Loss: 9.814640045166016
INFO     Train epoch: 0 step: 225 Tokens seen: 28800 Train Loss: 9.773003578186035
INFO     Train epoch: 0 step: 226 Tokens seen: 28928 Train Loss: 10.074469566345215
INFO     Train epoch: 0 step: 227 Tokens seen: 29056 Train Loss: 9.547465324401855
INFO     Train epoch: 0 step: 228 Tokens seen: 29184 Train Loss: 10.062955856323242
INFO     Train epoch: 0 step: 229 Tokens seen: 29312 Train Loss: 9.874275207519531
INFO     Train epoch: 0 step: 230 Tokens seen: 29440 Train Loss: 9.787854194641113
INFO     Train epoch: 0 step: 231 Tokens seen: 29568 Train Loss: 10.027389526367188
INFO     Train epoch: 0 step: 232 Tokens seen: 29696 Train Loss: 9.471699714660645
INFO     Train epoch: 0 step: 233 Tokens seen: 29824 Train Loss: 9.715765953063965
INFO     Train epoch: 0 step: 234 Tokens seen: 29952 Train Loss: 9.42296028137207
INFO     Train epoch: 0 step: 235 Tokens seen: 30080 Train Loss: 9.709037780761719
INFO     Train epoch: 0 step: 236 Tokens seen: 30208 Train Loss: 9.947602272033691
INFO     Train epoch: 0 step: 237 Tokens seen: 30336 Train Loss: 9.963127136230469
INFO     Train epoch: 0 step: 238 Tokens seen: 30464 Train Loss: 9.35759449005127
INFO     Train epoch: 0 step: 239 Tokens seen: 30592 Train Loss: 9.625309944152832
INFO     Train epoch: 0 step: 240 Tokens seen: 30720 Train Loss: 9.777318000793457
INFO     Train epoch: 0 step: 241 Tokens seen: 30848 Train Loss: 10.22445011138916
INFO     Train epoch: 0 step: 242 Tokens seen: 30976 Train Loss: 9.577696800231934
INFO     Train epoch: 0 step: 243 Tokens seen: 31104 Train Loss: 9.634081840515137
INFO     Train epoch: 0 step: 244 Tokens seen: 31232 Train Loss: 9.746991157531738
INFO     Train epoch: 0 step: 245 Tokens seen: 31360 Train Loss: 9.823075294494629
INFO     Train epoch: 0 step: 246 Tokens seen: 31488 Train Loss: 9.238317489624023
INFO     Train epoch: 0 step: 247 Tokens seen: 31616 Train Loss: 9.502674102783203
INFO     Train epoch: 0 step: 248 Tokens seen: 31744 Train Loss: 9.958784103393555
INFO     Train epoch: 0 step: 249 Tokens seen: 31872 Train Loss: 9.6741304397583
INFO     Train epoch: 0 step: 250 Tokens seen: 32000 Train Loss: 10.01773738861084
INFO     Eval Step: 250 Tokens seen: 32000 Val Loss : 9.688018872187687
INFO     Train epoch: 0 step: 251 Tokens seen: 32128 Train Loss: 9.411420822143555
INFO     Train epoch: 0 step: 252 Tokens seen: 32256 Train Loss: 9.537086486816406
INFO     Train epoch: 0 step: 253 Tokens seen: 32384 Train Loss: 9.654289245605469
INFO     Train epoch: 0 step: 254 Tokens seen: 32512 Train Loss: 9.381260871887207
INFO     Train epoch: 0 step: 255 Tokens seen: 32640 Train Loss: 9.73128604888916
INFO     Train epoch: 0 step: 256 Tokens seen: 32768 Train Loss: 9.663612365722656
INFO     Train epoch: 0 step: 257 Tokens seen: 32896 Train Loss: 9.427729606628418
INFO     Train epoch: 0 step: 258 Tokens seen: 33024 Train Loss: 9.152612686157227
INFO     Train epoch: 0 step: 259 Tokens seen: 33152 Train Loss: 9.60754108428955
INFO     Train epoch: 0 step: 260 Tokens seen: 33280 Train Loss: 9.659770011901855
INFO     Train epoch: 0 step: 261 Tokens seen: 33408 Train Loss: 9.523159980773926
INFO     Train epoch: 0 step: 262 Tokens seen: 33536 Train Loss: 9.485878944396973
INFO     Train epoch: 0 step: 263 Tokens seen: 33664 Train Loss: 9.538670539855957
INFO     Train epoch: 0 step: 264 Tokens seen: 33792 Train Loss: 9.394577026367188
INFO     Train epoch: 0 step: 265 Tokens seen: 33920 Train Loss: 9.548659324645996
INFO     Train epoch: 0 step: 266 Tokens seen: 34048 Train Loss: 9.528935432434082
INFO     Train epoch: 0 step: 267 Tokens seen: 34176 Train Loss: 9.857364654541016
INFO     Train epoch: 0 step: 268 Tokens seen: 34304 Train Loss: 9.686535835266113
INFO     Train epoch: 0 step: 269 Tokens seen: 34432 Train Loss: 10.033178329467773
INFO     Train epoch: 0 step: 270 Tokens seen: 34560 Train Loss: 8.962156295776367
INFO     Train epoch: 0 step: 271 Tokens seen: 34688 Train Loss: 9.618207931518555
INFO     Train epoch: 0 step: 272 Tokens seen: 34816 Train Loss: 9.08188247680664
INFO     Train epoch: 0 step: 273 Tokens seen: 34944 Train Loss: 9.609419822692871
INFO     Train epoch: 0 step: 274 Tokens seen: 35072 Train Loss: 9.428962707519531
INFO     Train epoch: 0 step: 275 Tokens seen: 35200 Train Loss: 9.890660285949707
INFO     Train epoch: 0 step: 276 Tokens seen: 35328 Train Loss: 9.45609188079834
INFO     Train epoch: 0 step: 277 Tokens seen: 35456 Train Loss: 9.779088973999023
INFO     Train epoch: 0 step: 278 Tokens seen: 35584 Train Loss: 9.134109497070312
INFO     Train epoch: 0 step: 279 Tokens seen: 35712 Train Loss: 9.815924644470215
INFO     Train epoch: 0 step: 280 Tokens seen: 35840 Train Loss: 9.326312065124512
INFO     Train epoch: 0 step: 281 Tokens seen: 35968 Train Loss: 9.580511093139648
INFO     Train epoch: 0 step: 282 Tokens seen: 36096 Train Loss: 9.673872947692871
INFO     Train epoch: 0 step: 283 Tokens seen: 36224 Train Loss: 9.478516578674316
INFO     Train epoch: 0 step: 284 Tokens seen: 36352 Train Loss: 9.195419311523438
INFO     Train epoch: 0 step: 285 Tokens seen: 36480 Train Loss: 9.935954093933105
INFO     Train epoch: 0 step: 286 Tokens seen: 36608 Train Loss: 9.1873197555542
INFO     Train epoch: 0 step: 287 Tokens seen: 36736 Train Loss: 8.287907600402832
INFO     Train epoch: 0 step: 288 Tokens seen: 36864 Train Loss: 9.397771835327148
INFO     Train epoch: 0 step: 289 Tokens seen: 36992 Train Loss: 9.280631065368652
INFO     Train epoch: 0 step: 290 Tokens seen: 37120 Train Loss: 9.745983123779297
INFO     Train epoch: 0 step: 291 Tokens seen: 37248 Train Loss: 9.345767974853516
INFO     Train epoch: 0 step: 292 Tokens seen: 37376 Train Loss: 8.865631103515625
INFO     Train epoch: 0 step: 293 Tokens seen: 37504 Train Loss: 9.532084465026855
INFO     Train epoch: 0 step: 294 Tokens seen: 37632 Train Loss: 9.61595344543457
INFO     Train epoch: 0 step: 295 Tokens seen: 37760 Train Loss: 9.539070129394531
INFO     Train epoch: 0 step: 296 Tokens seen: 37888 Train Loss: 9.645543098449707
INFO     Train epoch: 0 step: 297 Tokens seen: 38016 Train Loss: 9.292577743530273
INFO     Train epoch: 0 step: 298 Tokens seen: 38144 Train Loss: 9.29706859588623
INFO     Train epoch: 0 step: 299 Tokens seen: 38272 Train Loss: 9.283400535583496
INFO     Train epoch: 0 step: 300 Tokens seen: 38400 Train Loss: 9.77078628540039
INFO     Eval Step: 300 Tokens seen: 38400 Val Loss : 9.390372863182655
INFO     Checkpoint Saved | Train loss: 9.77078628540039 | Eval loss: 9.390372863182655
INFO     Train epoch: 0 step: 301 Tokens seen: 38528 Train Loss: 9.827336311340332
INFO     Train epoch: 0 step: 302 Tokens seen: 38656 Train Loss: 9.51308536529541
INFO     Train epoch: 0 step: 303 Tokens seen: 38784 Train Loss: 9.13094425201416
INFO     Train epoch: 0 step: 304 Tokens seen: 38912 Train Loss: 9.252584457397461
INFO     Train epoch: 0 step: 305 Tokens seen: 39040 Train Loss: 8.879858016967773
INFO     Train epoch: 0 step: 306 Tokens seen: 39168 Train Loss: 9.052826881408691
INFO     Train epoch: 0 step: 307 Tokens seen: 39296 Train Loss: 9.729284286499023
INFO     Train epoch: 0 step: 308 Tokens seen: 39424 Train Loss: 9.127140998840332
INFO     Train epoch: 0 step: 309 Tokens seen: 39552 Train Loss: 9.378097534179688
INFO     Train epoch: 0 step: 310 Tokens seen: 39680 Train Loss: 9.32336711883545
INFO     Train epoch: 0 step: 311 Tokens seen: 39808 Train Loss: 9.635040283203125
INFO     Train epoch: 0 step: 312 Tokens seen: 39936 Train Loss: 9.850630760192871
INFO     Train epoch: 0 step: 313 Tokens seen: 40064 Train Loss: 9.59143352508545
INFO     Train epoch: 0 step: 314 Tokens seen: 40192 Train Loss: 8.91821575164795
INFO     Train epoch: 0 step: 315 Tokens seen: 40320 Train Loss: 9.152151107788086
INFO     Train epoch: 0 step: 316 Tokens seen: 40448 Train Loss: 9.691424369812012
INFO     Train epoch: 0 step: 317 Tokens seen: 40576 Train Loss: 9.07900619506836
INFO     Train epoch: 0 step: 318 Tokens seen: 40704 Train Loss: 9.798917770385742
INFO     Train epoch: 0 step: 319 Tokens seen: 40832 Train Loss: 9.330747604370117
INFO     Train epoch: 0 step: 320 Tokens seen: 40960 Train Loss: 8.936368942260742
INFO     Train epoch: 0 step: 321 Tokens seen: 41088 Train Loss: 9.318989753723145
INFO     Train epoch: 0 step: 322 Tokens seen: 41216 Train Loss: 9.171932220458984
INFO     Train epoch: 0 step: 323 Tokens seen: 41344 Train Loss: 9.319652557373047
INFO     Train epoch: 0 step: 324 Tokens seen: 41472 Train Loss: 9.269800186157227
INFO     Train epoch: 0 step: 325 Tokens seen: 41600 Train Loss: 9.334566116333008
INFO     Train epoch: 0 step: 326 Tokens seen: 41728 Train Loss: 9.495307922363281
INFO     Train epoch: 0 step: 327 Tokens seen: 41856 Train Loss: 9.36056900024414
INFO     Train epoch: 0 step: 328 Tokens seen: 41984 Train Loss: 9.253595352172852
INFO     Train epoch: 0 step: 329 Tokens seen: 42112 Train Loss: 9.601229667663574
INFO     Train epoch: 0 step: 330 Tokens seen: 42240 Train Loss: 9.435672760009766
INFO     Train epoch: 0 step: 331 Tokens seen: 42368 Train Loss: 9.419280052185059
INFO     Train epoch: 0 step: 332 Tokens seen: 42496 Train Loss: 9.417675018310547
INFO     Train epoch: 0 step: 333 Tokens seen: 42624 Train Loss: 9.215782165527344
INFO     Train epoch: 0 step: 334 Tokens seen: 42752 Train Loss: 9.177751541137695
INFO     Train epoch: 0 step: 335 Tokens seen: 42880 Train Loss: 9.498332977294922
INFO     Train epoch: 0 step: 336 Tokens seen: 43008 Train Loss: 8.869534492492676
INFO     Train epoch: 0 step: 337 Tokens seen: 43136 Train Loss: 9.381972312927246
INFO     Train epoch: 0 step: 338 Tokens seen: 43264 Train Loss: 9.194002151489258
INFO     Train epoch: 0 step: 339 Tokens seen: 43392 Train Loss: 9.042155265808105
INFO     Train epoch: 0 step: 340 Tokens seen: 43520 Train Loss: 9.634824752807617
INFO     Train epoch: 0 step: 341 Tokens seen: 43648 Train Loss: 9.096200942993164
INFO     Epoch 0 ended with train loss 2.5242889801428117 validation loss 9.390372863182655
INFO     Model is compiled!
INFO     Train epoch: 0 step: 1 Tokens seen: 128 Train Loss: 11.158140182495117
INFO     Train epoch: 0 step: 2 Tokens seen: 256 Train Loss: 11.053662300109863
INFO     Train epoch: 0 step: 3 Tokens seen: 384 Train Loss: 10.930599212646484
INFO     Train epoch: 0 step: 4 Tokens seen: 512 Train Loss: 11.051297187805176
INFO     Train epoch: 0 step: 5 Tokens seen: 640 Train Loss: 10.902175903320312
INFO     Train epoch: 0 step: 6 Tokens seen: 768 Train Loss: 11.011202812194824
INFO     Train epoch: 0 step: 7 Tokens seen: 896 Train Loss: 11.113710403442383
INFO     Train epoch: 0 step: 8 Tokens seen: 1024 Train Loss: 11.135236740112305
INFO     Train epoch: 0 step: 9 Tokens seen: 1152 Train Loss: 11.036627769470215
INFO     Train epoch: 0 step: 10 Tokens seen: 1280 Train Loss: 10.845460891723633
INFO     Train epoch: 0 step: 11 Tokens seen: 1408 Train Loss: 10.778179168701172
INFO     Train epoch: 0 step: 12 Tokens seen: 1536 Train Loss: 11.041407585144043
INFO     Train epoch: 0 step: 13 Tokens seen: 1664 Train Loss: 10.99849796295166
INFO     Train epoch: 0 step: 14 Tokens seen: 1792 Train Loss: 11.064348220825195
INFO     Train epoch: 0 step: 15 Tokens seen: 1920 Train Loss: 11.363519668579102
INFO     Train epoch: 0 step: 16 Tokens seen: 2048 Train Loss: 11.314230918884277
INFO     Train epoch: 0 step: 17 Tokens seen: 2176 Train Loss: 10.942973136901855
INFO     Train epoch: 0 step: 18 Tokens seen: 2304 Train Loss: 10.925068855285645
INFO     Train epoch: 0 step: 19 Tokens seen: 2432 Train Loss: 11.127077102661133
INFO     Train epoch: 0 step: 20 Tokens seen: 2560 Train Loss: 10.978119850158691
INFO     Train epoch: 0 step: 21 Tokens seen: 2688 Train Loss: 10.928495407104492
INFO     Train epoch: 0 step: 22 Tokens seen: 2816 Train Loss: 10.86187744140625
INFO     Train epoch: 0 step: 23 Tokens seen: 2944 Train Loss: 10.99859619140625
INFO     Train epoch: 0 step: 24 Tokens seen: 3072 Train Loss: 11.01529312133789
INFO     Train epoch: 0 step: 25 Tokens seen: 3200 Train Loss: 11.190241813659668
INFO     Train epoch: 0 step: 26 Tokens seen: 3328 Train Loss: 10.914986610412598
INFO     Train epoch: 0 step: 27 Tokens seen: 3456 Train Loss: 10.905168533325195
INFO     Train epoch: 0 step: 28 Tokens seen: 3584 Train Loss: 10.981996536254883
INFO     Train epoch: 0 step: 29 Tokens seen: 3712 Train Loss: 10.74612808227539
INFO     Train epoch: 0 step: 30 Tokens seen: 3840 Train Loss: 11.293498992919922
INFO     Train epoch: 0 step: 31 Tokens seen: 3968 Train Loss: 10.987236976623535
INFO     Train epoch: 0 step: 32 Tokens seen: 4096 Train Loss: 10.914128303527832
INFO     Train epoch: 0 step: 33 Tokens seen: 4224 Train Loss: 10.916535377502441
INFO     Train epoch: 0 step: 34 Tokens seen: 4352 Train Loss: 10.980363845825195
INFO     Train epoch: 0 step: 35 Tokens seen: 4480 Train Loss: 11.022050857543945
INFO     Train epoch: 0 step: 36 Tokens seen: 4608 Train Loss: 10.762250900268555
INFO     Train epoch: 0 step: 37 Tokens seen: 4736 Train Loss: 11.047842979431152
INFO     Train epoch: 0 step: 38 Tokens seen: 4864 Train Loss: 11.093753814697266
INFO     Train epoch: 0 step: 39 Tokens seen: 4992 Train Loss: 10.827001571655273
INFO     Train epoch: 0 step: 40 Tokens seen: 5120 Train Loss: 10.82897663116455
INFO     Train epoch: 0 step: 41 Tokens seen: 5248 Train Loss: 10.804436683654785
INFO     Train epoch: 0 step: 42 Tokens seen: 5376 Train Loss: 10.946762084960938
INFO     Train epoch: 0 step: 43 Tokens seen: 5504 Train Loss: 11.057215690612793
INFO     Train epoch: 0 step: 44 Tokens seen: 5632 Train Loss: 10.685501098632812
INFO     Train epoch: 0 step: 45 Tokens seen: 5760 Train Loss: 10.79487419128418
INFO     Train epoch: 0 step: 46 Tokens seen: 5888 Train Loss: 10.747493743896484
INFO     Train epoch: 0 step: 47 Tokens seen: 6016 Train Loss: 10.898894309997559
INFO     Train epoch: 0 step: 48 Tokens seen: 6144 Train Loss: 10.747407913208008
INFO     Train epoch: 0 step: 49 Tokens seen: 6272 Train Loss: 10.699894905090332
INFO     Train epoch: 0 step: 50 Tokens seen: 6400 Train Loss: 10.879796981811523
INFO     Train epoch: 0 step: 51 Tokens seen: 6528 Train Loss: 11.069690704345703
INFO     Train epoch: 0 step: 52 Tokens seen: 6656 Train Loss: 10.861616134643555
INFO     Train epoch: 0 step: 53 Tokens seen: 6784 Train Loss: 10.865137100219727
INFO     Train epoch: 0 step: 54 Tokens seen: 6912 Train Loss: 10.791454315185547
INFO     Train epoch: 0 step: 55 Tokens seen: 7040 Train Loss: 10.886151313781738
INFO     Train epoch: 0 step: 56 Tokens seen: 7168 Train Loss: 10.875375747680664
INFO     Train epoch: 0 step: 57 Tokens seen: 7296 Train Loss: 10.774928092956543
INFO     Train epoch: 0 step: 58 Tokens seen: 7424 Train Loss: 11.0784273147583
INFO     Train epoch: 0 step: 59 Tokens seen: 7552 Train Loss: 10.518034934997559
INFO     Train epoch: 0 step: 60 Tokens seen: 7680 Train Loss: 10.807929039001465
INFO     Train epoch: 0 step: 61 Tokens seen: 7808 Train Loss: 10.711737632751465
INFO     Train epoch: 0 step: 62 Tokens seen: 7936 Train Loss: 10.60080337524414
INFO     Train epoch: 0 step: 63 Tokens seen: 8064 Train Loss: 10.811027526855469
INFO     Train epoch: 0 step: 64 Tokens seen: 8192 Train Loss: 10.689589500427246
INFO     Train epoch: 0 step: 65 Tokens seen: 8320 Train Loss: 11.105003356933594
INFO     Train epoch: 0 step: 66 Tokens seen: 8448 Train Loss: 10.601737022399902
INFO     Train epoch: 0 step: 67 Tokens seen: 8576 Train Loss: 10.777167320251465
INFO     Train epoch: 0 step: 68 Tokens seen: 8704 Train Loss: 10.828238487243652
INFO     Train epoch: 0 step: 69 Tokens seen: 8832 Train Loss: 10.852254867553711
INFO     Train epoch: 0 step: 70 Tokens seen: 8960 Train Loss: 10.808349609375
INFO     Train epoch: 0 step: 71 Tokens seen: 9088 Train Loss: 10.428050994873047
INFO     Train epoch: 0 step: 72 Tokens seen: 9216 Train Loss: 10.448105812072754
INFO     Train epoch: 0 step: 73 Tokens seen: 9344 Train Loss: 10.760103225708008
INFO     Train epoch: 0 step: 74 Tokens seen: 9472 Train Loss: 10.548320770263672
INFO     Train epoch: 0 step: 75 Tokens seen: 9600 Train Loss: 10.789929389953613
INFO     Train epoch: 0 step: 76 Tokens seen: 9728 Train Loss: 10.57056713104248
INFO     Train epoch: 0 step: 77 Tokens seen: 9856 Train Loss: 10.532501220703125
INFO     Train epoch: 0 step: 78 Tokens seen: 9984 Train Loss: 10.541841506958008
INFO     Train epoch: 0 step: 79 Tokens seen: 10112 Train Loss: 10.71438980102539
INFO     Train epoch: 0 step: 80 Tokens seen: 10240 Train Loss: 10.929332733154297
INFO     Train epoch: 0 step: 81 Tokens seen: 10368 Train Loss: 10.698018074035645
INFO     Train epoch: 0 step: 82 Tokens seen: 10496 Train Loss: 10.70553970336914
INFO     Train epoch: 0 step: 83 Tokens seen: 10624 Train Loss: 10.451457977294922
INFO     Train epoch: 0 step: 84 Tokens seen: 10752 Train Loss: 10.450589179992676
INFO     Train epoch: 0 step: 85 Tokens seen: 10880 Train Loss: 10.469435691833496
INFO     Train epoch: 0 step: 86 Tokens seen: 11008 Train Loss: 10.519021034240723
INFO     Train epoch: 0 step: 87 Tokens seen: 11136 Train Loss: 10.396574020385742
INFO     Train epoch: 0 step: 88 Tokens seen: 11264 Train Loss: 10.67695426940918
INFO     Train epoch: 0 step: 89 Tokens seen: 11392 Train Loss: 10.658857345581055
INFO     Train epoch: 0 step: 90 Tokens seen: 11520 Train Loss: 10.909765243530273
INFO     Train epoch: 0 step: 91 Tokens seen: 11648 Train Loss: 10.501426696777344
INFO     Train epoch: 0 step: 92 Tokens seen: 11776 Train Loss: 10.21435260772705
INFO     Train epoch: 0 step: 93 Tokens seen: 11904 Train Loss: 10.640524864196777
INFO     Train epoch: 0 step: 94 Tokens seen: 12032 Train Loss: 10.567935943603516
INFO     Train epoch: 0 step: 95 Tokens seen: 12160 Train Loss: 10.610240936279297
INFO     Train epoch: 0 step: 96 Tokens seen: 12288 Train Loss: 10.673187255859375
INFO     Train epoch: 0 step: 97 Tokens seen: 12416 Train Loss: 10.698766708374023
INFO     Train epoch: 0 step: 98 Tokens seen: 12544 Train Loss: 10.592290878295898
INFO     Train epoch: 0 step: 99 Tokens seen: 12672 Train Loss: 10.923468589782715
INFO     Train epoch: 0 step: 100 Tokens seen: 12800 Train Loss: 10.668424606323242
INFO     Checkpoint Saved | Train loss: 10.668424606323242 | Eval loss: nan
INFO     Train epoch: 0 step: 101 Tokens seen: 12928 Train Loss: 10.637815475463867
INFO     Train epoch: 0 step: 102 Tokens seen: 13056 Train Loss: 10.288893699645996
INFO     Train epoch: 0 step: 103 Tokens seen: 13184 Train Loss: 10.48299503326416
INFO     Train epoch: 0 step: 104 Tokens seen: 13312 Train Loss: 10.324515342712402
INFO     Train epoch: 0 step: 105 Tokens seen: 13440 Train Loss: 10.517393112182617
INFO     Train epoch: 0 step: 106 Tokens seen: 13568 Train Loss: 10.493815422058105
INFO     Train epoch: 0 step: 107 Tokens seen: 13696 Train Loss: 10.453636169433594
INFO     Train epoch: 0 step: 108 Tokens seen: 13824 Train Loss: 10.496297836303711
INFO     Train epoch: 0 step: 109 Tokens seen: 13952 Train Loss: 10.55493450164795
INFO     Train epoch: 0 step: 110 Tokens seen: 14080 Train Loss: 10.465919494628906
INFO     Train epoch: 0 step: 111 Tokens seen: 14208 Train Loss: 10.132976531982422
INFO     Train epoch: 0 step: 112 Tokens seen: 14336 Train Loss: 10.223682403564453
INFO     Train epoch: 0 step: 113 Tokens seen: 14464 Train Loss: 10.411066055297852
INFO     Train epoch: 0 step: 114 Tokens seen: 14592 Train Loss: 10.599491119384766
INFO     Train epoch: 0 step: 115 Tokens seen: 14720 Train Loss: 10.616840362548828
INFO     Train epoch: 0 step: 116 Tokens seen: 14848 Train Loss: 10.657041549682617
INFO     Train epoch: 0 step: 117 Tokens seen: 14976 Train Loss: 10.29295825958252
INFO     Train epoch: 0 step: 118 Tokens seen: 15104 Train Loss: 10.666672706604004
INFO     Train epoch: 0 step: 119 Tokens seen: 15232 Train Loss: 10.350970268249512
INFO     Train epoch: 0 step: 120 Tokens seen: 15360 Train Loss: 10.351811408996582
INFO     Train epoch: 0 step: 121 Tokens seen: 15488 Train Loss: 10.521831512451172
INFO     Train epoch: 0 step: 122 Tokens seen: 15616 Train Loss: 10.547404289245605
INFO     Train epoch: 0 step: 123 Tokens seen: 15744 Train Loss: 10.69929313659668
INFO     Train epoch: 0 step: 124 Tokens seen: 15872 Train Loss: 10.375772476196289
INFO     Train epoch: 0 step: 125 Tokens seen: 16000 Train Loss: 10.315962791442871
INFO     Train epoch: 0 step: 126 Tokens seen: 16128 Train Loss: 10.236749649047852
INFO     Train epoch: 0 step: 127 Tokens seen: 16256 Train Loss: 10.428814888000488
INFO     Train epoch: 0 step: 128 Tokens seen: 16384 Train Loss: 10.41350269317627
INFO     Train epoch: 0 step: 129 Tokens seen: 16512 Train Loss: 10.672219276428223
INFO     Train epoch: 0 step: 130 Tokens seen: 16640 Train Loss: 10.563891410827637
INFO     Train epoch: 0 step: 131 Tokens seen: 16768 Train Loss: 10.661005973815918
INFO     Train epoch: 0 step: 132 Tokens seen: 16896 Train Loss: 10.371456146240234
INFO     Train epoch: 0 step: 133 Tokens seen: 17024 Train Loss: 10.423538208007812
INFO     Train epoch: 0 step: 134 Tokens seen: 17152 Train Loss: 10.399626731872559
INFO     Train epoch: 0 step: 135 Tokens seen: 17280 Train Loss: 10.389625549316406
INFO     Train epoch: 0 step: 136 Tokens seen: 17408 Train Loss: 10.43312931060791
INFO     Train epoch: 0 step: 137 Tokens seen: 17536 Train Loss: 10.256919860839844
INFO     Train epoch: 0 step: 138 Tokens seen: 17664 Train Loss: 10.355142593383789
INFO     Train epoch: 0 step: 139 Tokens seen: 17792 Train Loss: 10.305569648742676
INFO     Train epoch: 0 step: 140 Tokens seen: 17920 Train Loss: 10.293500900268555
INFO     Train epoch: 0 step: 141 Tokens seen: 18048 Train Loss: 10.327380180358887
INFO     Train epoch: 0 step: 142 Tokens seen: 18176 Train Loss: 10.311136245727539
INFO     Train epoch: 0 step: 143 Tokens seen: 18304 Train Loss: 10.714141845703125
INFO     Train epoch: 0 step: 144 Tokens seen: 18432 Train Loss: 10.310815811157227
INFO     Train epoch: 0 step: 145 Tokens seen: 18560 Train Loss: 10.300124168395996
INFO     Train epoch: 0 step: 146 Tokens seen: 18688 Train Loss: 10.12759017944336
INFO     Train epoch: 0 step: 147 Tokens seen: 18816 Train Loss: 10.266339302062988
INFO     Train epoch: 0 step: 148 Tokens seen: 18944 Train Loss: 10.204992294311523
INFO     Train epoch: 0 step: 149 Tokens seen: 19072 Train Loss: 10.009627342224121
INFO     Train epoch: 0 step: 150 Tokens seen: 19200 Train Loss: 10.37631607055664
INFO     Train epoch: 0 step: 151 Tokens seen: 19328 Train Loss: 10.65304946899414
INFO     Train epoch: 0 step: 152 Tokens seen: 19456 Train Loss: 10.3700590133667
INFO     Train epoch: 0 step: 153 Tokens seen: 19584 Train Loss: 10.36497974395752
INFO     Train epoch: 0 step: 154 Tokens seen: 19712 Train Loss: 10.116381645202637
INFO     Train epoch: 0 step: 155 Tokens seen: 19840 Train Loss: 10.291701316833496
INFO     Train epoch: 0 step: 156 Tokens seen: 19968 Train Loss: 10.216593742370605
INFO     Train epoch: 0 step: 157 Tokens seen: 20096 Train Loss: 10.293314933776855
INFO     Train epoch: 0 step: 158 Tokens seen: 20224 Train Loss: 10.381664276123047
INFO     Train epoch: 0 step: 159 Tokens seen: 20352 Train Loss: 10.447504043579102
INFO     Train epoch: 0 step: 160 Tokens seen: 20480 Train Loss: 9.972331047058105
INFO     Train epoch: 0 step: 161 Tokens seen: 20608 Train Loss: 9.924212455749512
INFO     Train epoch: 0 step: 162 Tokens seen: 20736 Train Loss: 10.118328094482422
INFO     Train epoch: 0 step: 163 Tokens seen: 20864 Train Loss: 10.44162654876709
INFO     Train epoch: 0 step: 164 Tokens seen: 20992 Train Loss: 9.861954689025879
INFO     Train epoch: 0 step: 165 Tokens seen: 21120 Train Loss: 10.359363555908203
INFO     Train epoch: 0 step: 166 Tokens seen: 21248 Train Loss: 10.169848442077637
INFO     Train epoch: 0 step: 167 Tokens seen: 21376 Train Loss: 9.863646507263184
INFO     Train epoch: 0 step: 168 Tokens seen: 21504 Train Loss: 10.391706466674805
INFO     Train epoch: 0 step: 169 Tokens seen: 21632 Train Loss: 10.28305721282959
INFO     Train epoch: 0 step: 170 Tokens seen: 21760 Train Loss: 10.25330638885498
INFO     Train epoch: 0 step: 171 Tokens seen: 21888 Train Loss: 10.245783805847168
INFO     Train epoch: 0 step: 172 Tokens seen: 22016 Train Loss: 9.783814430236816
INFO     Train epoch: 0 step: 173 Tokens seen: 22144 Train Loss: 10.04240894317627
INFO     Train epoch: 0 step: 174 Tokens seen: 22272 Train Loss: 10.399441719055176
INFO     Train epoch: 0 step: 175 Tokens seen: 22400 Train Loss: 10.38642406463623
INFO     Train epoch: 0 step: 176 Tokens seen: 22528 Train Loss: 10.11821460723877
INFO     Train epoch: 0 step: 177 Tokens seen: 22656 Train Loss: 10.047130584716797
INFO     Train epoch: 0 step: 178 Tokens seen: 22784 Train Loss: 10.092370986938477
INFO     Train epoch: 0 step: 179 Tokens seen: 22912 Train Loss: 10.151381492614746
INFO     Train epoch: 0 step: 180 Tokens seen: 23040 Train Loss: 10.091062545776367
INFO     Train epoch: 0 step: 181 Tokens seen: 23168 Train Loss: 10.271517753601074
INFO     Train epoch: 0 step: 182 Tokens seen: 23296 Train Loss: 10.236692428588867
INFO     Train epoch: 0 step: 183 Tokens seen: 23424 Train Loss: 10.093596458435059
INFO     Train epoch: 0 step: 184 Tokens seen: 23552 Train Loss: 10.21490478515625
INFO     Train epoch: 0 step: 185 Tokens seen: 23680 Train Loss: 10.175566673278809
INFO     Train epoch: 0 step: 186 Tokens seen: 23808 Train Loss: 10.03627872467041
INFO     Train epoch: 0 step: 187 Tokens seen: 23936 Train Loss: 10.245572090148926
INFO     Train epoch: 0 step: 188 Tokens seen: 24064 Train Loss: 10.38987922668457
INFO     Train epoch: 0 step: 189 Tokens seen: 24192 Train Loss: 10.132841110229492
INFO     Train epoch: 0 step: 190 Tokens seen: 24320 Train Loss: 10.209955215454102
INFO     Train epoch: 0 step: 191 Tokens seen: 24448 Train Loss: 9.918632507324219
INFO     Train epoch: 0 step: 192 Tokens seen: 24576 Train Loss: 10.29648208618164
INFO     Train epoch: 0 step: 193 Tokens seen: 24704 Train Loss: 10.186378479003906
INFO     Train epoch: 0 step: 194 Tokens seen: 24832 Train Loss: 10.27376651763916
INFO     Train epoch: 0 step: 195 Tokens seen: 24960 Train Loss: 10.073670387268066
INFO     Train epoch: 0 step: 196 Tokens seen: 25088 Train Loss: 10.037368774414062
INFO     Train epoch: 0 step: 197 Tokens seen: 25216 Train Loss: 10.021591186523438
INFO     Train epoch: 0 step: 198 Tokens seen: 25344 Train Loss: 10.149742126464844
INFO     Train epoch: 0 step: 199 Tokens seen: 25472 Train Loss: 10.114237785339355
INFO     Train epoch: 0 step: 200 Tokens seen: 25600 Train Loss: 9.950677871704102
INFO     Checkpoint Saved | Train loss: 9.950677871704102 | Eval loss: nan
INFO     Train epoch: 0 step: 201 Tokens seen: 25728 Train Loss: 10.379143714904785
INFO     Train epoch: 0 step: 202 Tokens seen: 25856 Train Loss: 10.381731986999512
INFO     Train epoch: 0 step: 203 Tokens seen: 25984 Train Loss: 9.93985366821289
INFO     Train epoch: 0 step: 204 Tokens seen: 26112 Train Loss: 10.219376564025879
INFO     Train epoch: 0 step: 205 Tokens seen: 26240 Train Loss: 10.16736125946045
INFO     Train epoch: 0 step: 206 Tokens seen: 26368 Train Loss: 9.858769416809082
INFO     Train epoch: 0 step: 207 Tokens seen: 26496 Train Loss: 9.908570289611816
INFO     Train epoch: 0 step: 208 Tokens seen: 26624 Train Loss: 10.133394241333008
INFO     Train epoch: 0 step: 209 Tokens seen: 26752 Train Loss: 10.04413890838623
INFO     Train epoch: 0 step: 210 Tokens seen: 26880 Train Loss: 9.929057121276855
INFO     Train epoch: 0 step: 211 Tokens seen: 27008 Train Loss: 10.229151725769043
INFO     Train epoch: 0 step: 212 Tokens seen: 27136 Train Loss: 10.176474571228027
INFO     Train epoch: 0 step: 213 Tokens seen: 27264 Train Loss: 10.146204948425293
INFO     Train epoch: 0 step: 214 Tokens seen: 27392 Train Loss: 9.942765235900879
INFO     Train epoch: 0 step: 215 Tokens seen: 27520 Train Loss: 9.681242942810059
INFO     Train epoch: 0 step: 216 Tokens seen: 27648 Train Loss: 9.8742036819458
INFO     Train epoch: 0 step: 217 Tokens seen: 27776 Train Loss: 9.515087127685547
INFO     Train epoch: 0 step: 218 Tokens seen: 27904 Train Loss: 9.70728588104248
INFO     Train epoch: 0 step: 219 Tokens seen: 28032 Train Loss: 10.199400901794434
INFO     Train epoch: 0 step: 220 Tokens seen: 28160 Train Loss: 10.070045471191406
INFO     Train epoch: 0 step: 221 Tokens seen: 28288 Train Loss: 9.966682434082031
INFO     Train epoch: 0 step: 222 Tokens seen: 28416 Train Loss: 9.832626342773438
INFO     Train epoch: 0 step: 223 Tokens seen: 28544 Train Loss: 9.901339530944824
INFO     Train epoch: 0 step: 224 Tokens seen: 28672 Train Loss: 9.961825370788574
INFO     Train epoch: 0 step: 225 Tokens seen: 28800 Train Loss: 9.644394874572754
INFO     Train epoch: 0 step: 226 Tokens seen: 28928 Train Loss: 10.030721664428711
INFO     Train epoch: 0 step: 227 Tokens seen: 29056 Train Loss: 9.563008308410645
INFO     Train epoch: 0 step: 228 Tokens seen: 29184 Train Loss: 9.898396492004395
INFO     Train epoch: 0 step: 229 Tokens seen: 29312 Train Loss: 10.005175590515137
INFO     Train epoch: 0 step: 230 Tokens seen: 29440 Train Loss: 9.908714294433594
INFO     Train epoch: 0 step: 231 Tokens seen: 29568 Train Loss: 9.875401496887207
INFO     Train epoch: 0 step: 232 Tokens seen: 29696 Train Loss: 9.882065773010254
INFO     Train epoch: 0 step: 233 Tokens seen: 29824 Train Loss: 9.414350509643555
INFO     Train epoch: 0 step: 234 Tokens seen: 29952 Train Loss: 9.943944931030273
INFO     Train epoch: 0 step: 235 Tokens seen: 30080 Train Loss: 9.218671798706055
INFO     Train epoch: 0 step: 236 Tokens seen: 30208 Train Loss: 9.642501831054688
INFO     Train epoch: 0 step: 237 Tokens seen: 30336 Train Loss: 9.560407638549805
INFO     Train epoch: 0 step: 238 Tokens seen: 30464 Train Loss: 9.937373161315918
INFO     Train epoch: 0 step: 239 Tokens seen: 30592 Train Loss: 10.00112533569336
INFO     Train epoch: 0 step: 240 Tokens seen: 30720 Train Loss: 10.203453063964844
INFO     Train epoch: 0 step: 241 Tokens seen: 30848 Train Loss: 10.038270950317383
INFO     Train epoch: 0 step: 242 Tokens seen: 30976 Train Loss: 9.580148696899414
INFO     Train epoch: 0 step: 243 Tokens seen: 31104 Train Loss: 9.933577537536621
INFO     Train epoch: 0 step: 244 Tokens seen: 31232 Train Loss: 10.145768165588379
INFO     Train epoch: 0 step: 245 Tokens seen: 31360 Train Loss: 9.872322082519531
INFO     Train epoch: 0 step: 246 Tokens seen: 31488 Train Loss: 9.737430572509766
INFO     Train epoch: 0 step: 247 Tokens seen: 31616 Train Loss: 10.048370361328125
INFO     Train epoch: 0 step: 248 Tokens seen: 31744 Train Loss: 9.777179718017578
INFO     Train epoch: 0 step: 249 Tokens seen: 31872 Train Loss: 10.087794303894043
INFO     Train epoch: 0 step: 250 Tokens seen: 32000 Train Loss: 9.8004789352417
INFO     Train epoch: 0 step: 251 Tokens seen: 32128 Train Loss: 9.5867919921875
INFO     Train epoch: 0 step: 252 Tokens seen: 32256 Train Loss: 9.915005683898926
INFO     Train epoch: 0 step: 253 Tokens seen: 32384 Train Loss: 10.018854141235352
INFO     Train epoch: 0 step: 254 Tokens seen: 32512 Train Loss: 9.38697338104248
INFO     Train epoch: 0 step: 255 Tokens seen: 32640 Train Loss: 9.887798309326172
INFO     Train epoch: 0 step: 256 Tokens seen: 32768 Train Loss: 9.73184871673584
INFO     Train epoch: 0 step: 257 Tokens seen: 32896 Train Loss: 9.570609092712402
INFO     Train epoch: 0 step: 258 Tokens seen: 33024 Train Loss: 9.86482048034668
INFO     Train epoch: 0 step: 259 Tokens seen: 33152 Train Loss: 9.504081726074219
INFO     Train epoch: 0 step: 260 Tokens seen: 33280 Train Loss: 9.720967292785645
INFO     Train epoch: 0 step: 261 Tokens seen: 33408 Train Loss: 9.841026306152344
INFO     Train epoch: 0 step: 262 Tokens seen: 33536 Train Loss: 9.531423568725586
INFO     Train epoch: 0 step: 263 Tokens seen: 33664 Train Loss: 9.733989715576172
INFO     Train epoch: 0 step: 264 Tokens seen: 33792 Train Loss: 9.44766616821289
INFO     Train epoch: 0 step: 265 Tokens seen: 33920 Train Loss: 9.870220184326172
INFO     Train epoch: 0 step: 266 Tokens seen: 34048 Train Loss: 9.803192138671875
INFO     Train epoch: 0 step: 267 Tokens seen: 34176 Train Loss: 9.95534896850586
INFO     Train epoch: 0 step: 268 Tokens seen: 34304 Train Loss: 9.893213272094727
INFO     Train epoch: 0 step: 269 Tokens seen: 34432 Train Loss: 9.45280647277832
INFO     Train epoch: 0 step: 270 Tokens seen: 34560 Train Loss: 9.549030303955078
INFO     Train epoch: 0 step: 271 Tokens seen: 34688 Train Loss: 9.365218162536621
INFO     Train epoch: 0 step: 272 Tokens seen: 34816 Train Loss: 9.497774124145508
INFO     Train epoch: 0 step: 273 Tokens seen: 34944 Train Loss: 9.708617210388184
INFO     Train epoch: 0 step: 274 Tokens seen: 35072 Train Loss: 9.482779502868652
INFO     Train epoch: 0 step: 275 Tokens seen: 35200 Train Loss: 9.663325309753418
INFO     Train epoch: 0 step: 276 Tokens seen: 35328 Train Loss: 9.506698608398438
INFO     Train epoch: 0 step: 277 Tokens seen: 35456 Train Loss: 9.66356372833252
INFO     Train epoch: 0 step: 278 Tokens seen: 35584 Train Loss: 9.818357467651367
INFO     Train epoch: 0 step: 279 Tokens seen: 35712 Train Loss: 10.100555419921875
INFO     Train epoch: 0 step: 280 Tokens seen: 35840 Train Loss: 9.845276832580566
INFO     Train epoch: 0 step: 281 Tokens seen: 35968 Train Loss: 9.403613090515137
INFO     Train epoch: 0 step: 282 Tokens seen: 36096 Train Loss: 9.35944652557373
INFO     Train epoch: 0 step: 283 Tokens seen: 36224 Train Loss: 9.640913009643555
INFO     Train epoch: 0 step: 284 Tokens seen: 36352 Train Loss: 9.591943740844727
INFO     Train epoch: 0 step: 285 Tokens seen: 36480 Train Loss: 9.96366024017334
INFO     Train epoch: 0 step: 286 Tokens seen: 36608 Train Loss: 9.957338333129883
INFO     Train epoch: 0 step: 287 Tokens seen: 36736 Train Loss: 9.450507164001465
INFO     Train epoch: 0 step: 288 Tokens seen: 36864 Train Loss: 9.770271301269531
INFO     Train epoch: 0 step: 289 Tokens seen: 36992 Train Loss: 9.046486854553223
INFO     Train epoch: 0 step: 290 Tokens seen: 37120 Train Loss: 9.743699073791504
INFO     Train epoch: 0 step: 291 Tokens seen: 37248 Train Loss: 10.077651977539062
INFO     Train epoch: 0 step: 292 Tokens seen: 37376 Train Loss: 9.946727752685547
INFO     Train epoch: 0 step: 293 Tokens seen: 37504 Train Loss: 9.565398216247559
INFO     Train epoch: 0 step: 294 Tokens seen: 37632 Train Loss: 9.480942726135254
INFO     Train epoch: 0 step: 295 Tokens seen: 37760 Train Loss: 9.056083679199219
INFO     Train epoch: 0 step: 296 Tokens seen: 37888 Train Loss: 9.747785568237305
INFO     Train epoch: 0 step: 297 Tokens seen: 38016 Train Loss: 9.161894798278809
INFO     Train epoch: 0 step: 298 Tokens seen: 38144 Train Loss: 9.76263427734375
INFO     Train epoch: 0 step: 299 Tokens seen: 38272 Train Loss: 9.851591110229492
INFO     Train epoch: 0 step: 300 Tokens seen: 38400 Train Loss: 9.11277961730957
INFO     Checkpoint Saved | Train loss: 9.11277961730957 | Eval loss: nan
INFO     Train epoch: 0 step: 301 Tokens seen: 38528 Train Loss: 9.330857276916504
INFO     Train epoch: 0 step: 302 Tokens seen: 38656 Train Loss: 9.530540466308594
INFO     Train epoch: 0 step: 303 Tokens seen: 38784 Train Loss: 9.619568824768066
INFO     Train epoch: 0 step: 304 Tokens seen: 38912 Train Loss: 9.576643943786621
INFO     Train epoch: 0 step: 305 Tokens seen: 39040 Train Loss: 9.116044044494629
INFO     Train epoch: 0 step: 306 Tokens seen: 39168 Train Loss: 9.35637378692627
INFO     Train epoch: 0 step: 307 Tokens seen: 39296 Train Loss: 9.549294471740723
INFO     Train epoch: 0 step: 308 Tokens seen: 39424 Train Loss: 9.300271987915039
INFO     Train epoch: 0 step: 309 Tokens seen: 39552 Train Loss: 9.683334350585938
INFO     Train epoch: 0 step: 310 Tokens seen: 39680 Train Loss: 9.642377853393555
INFO     Train epoch: 0 step: 311 Tokens seen: 39808 Train Loss: 9.571756362915039
INFO     Train epoch: 0 step: 312 Tokens seen: 39936 Train Loss: 10.16141128540039
INFO     Train epoch: 0 step: 313 Tokens seen: 40064 Train Loss: 9.067352294921875
INFO     Train epoch: 0 step: 314 Tokens seen: 40192 Train Loss: 8.857556343078613
INFO     Train epoch: 0 step: 315 Tokens seen: 40320 Train Loss: 9.78757381439209
INFO     Train epoch: 0 step: 316 Tokens seen: 40448 Train Loss: 9.445514678955078
INFO     Train epoch: 0 step: 317 Tokens seen: 40576 Train Loss: 9.245924949645996
INFO     Train epoch: 0 step: 318 Tokens seen: 40704 Train Loss: 9.119651794433594
INFO     Train epoch: 0 step: 319 Tokens seen: 40832 Train Loss: 9.389728546142578
INFO     Train epoch: 0 step: 320 Tokens seen: 40960 Train Loss: 9.389823913574219
INFO     Train epoch: 0 step: 321 Tokens seen: 41088 Train Loss: 8.786933898925781
INFO     Train epoch: 0 step: 322 Tokens seen: 41216 Train Loss: 9.4466552734375
INFO     Train epoch: 0 step: 323 Tokens seen: 41344 Train Loss: 9.517508506774902
INFO     Train epoch: 0 step: 324 Tokens seen: 41472 Train Loss: 9.38916015625
INFO     Train epoch: 0 step: 325 Tokens seen: 41600 Train Loss: 9.123982429504395
INFO     Train epoch: 0 step: 326 Tokens seen: 41728 Train Loss: 9.129403114318848
INFO     Train epoch: 0 step: 327 Tokens seen: 41856 Train Loss: 9.476164817810059
INFO     Train epoch: 0 step: 328 Tokens seen: 41984 Train Loss: 9.23599624633789
INFO     Train epoch: 0 step: 329 Tokens seen: 42112 Train Loss: 9.080936431884766
INFO     Train epoch: 0 step: 330 Tokens seen: 42240 Train Loss: 9.496490478515625
INFO     Train epoch: 0 step: 331 Tokens seen: 42368 Train Loss: 9.006828308105469
INFO     Train epoch: 0 step: 332 Tokens seen: 42496 Train Loss: 9.273599624633789
INFO     Train epoch: 0 step: 333 Tokens seen: 42624 Train Loss: 9.194186210632324
INFO     Train epoch: 0 step: 334 Tokens seen: 42752 Train Loss: 9.332390785217285
INFO     Train epoch: 0 step: 335 Tokens seen: 42880 Train Loss: 9.062090873718262
INFO     Train epoch: 0 step: 336 Tokens seen: 43008 Train Loss: 9.551591873168945
INFO     Train epoch: 0 step: 337 Tokens seen: 43136 Train Loss: 9.685961723327637
INFO     Train epoch: 0 step: 338 Tokens seen: 43264 Train Loss: 9.839240074157715
INFO     Train epoch: 0 step: 339 Tokens seen: 43392 Train Loss: 9.635119438171387
INFO     Train epoch: 0 step: 340 Tokens seen: 43520 Train Loss: 9.678764343261719
INFO     Train epoch: 0 step: 341 Tokens seen: 43648 Train Loss: 9.473213195800781
INFO     Epoch 0 ended with train loss 2.548631840786976 validation loss nan
INFO     Model is compiled!
INFO     Train epoch: 0 step: 1 Tokens seen: 128 Train Loss: 11.177048683166504
INFO     Train epoch: 0 step: 2 Tokens seen: 256 Train Loss: 11.385797500610352
INFO     Train epoch: 0 step: 3 Tokens seen: 384 Train Loss: 11.131220817565918
INFO     Train epoch: 0 step: 4 Tokens seen: 512 Train Loss: 11.234051704406738
INFO     Train epoch: 0 step: 5 Tokens seen: 640 Train Loss: 11.115296363830566
INFO     Train epoch: 0 step: 6 Tokens seen: 768 Train Loss: 10.833333015441895
INFO     Train epoch: 0 step: 7 Tokens seen: 896 Train Loss: 10.9420166015625
INFO     Train epoch: 0 step: 8 Tokens seen: 1024 Train Loss: 11.075060844421387
INFO     Train epoch: 0 step: 9 Tokens seen: 1152 Train Loss: 11.101188659667969
INFO     Train epoch: 0 step: 10 Tokens seen: 1280 Train Loss: 10.978598594665527
INFO     Train epoch: 0 step: 11 Tokens seen: 1408 Train Loss: 10.868690490722656
INFO     Train epoch: 0 step: 12 Tokens seen: 1536 Train Loss: 11.108169555664062
INFO     Train epoch: 0 step: 13 Tokens seen: 1664 Train Loss: 11.070026397705078
INFO     Train epoch: 0 step: 14 Tokens seen: 1792 Train Loss: 11.049089431762695
INFO     Train epoch: 0 step: 15 Tokens seen: 1920 Train Loss: 10.985651016235352
INFO     Train epoch: 0 step: 16 Tokens seen: 2048 Train Loss: 10.759403228759766
INFO     Train epoch: 0 step: 17 Tokens seen: 2176 Train Loss: 11.076469421386719
INFO     Train epoch: 0 step: 18 Tokens seen: 2304 Train Loss: 10.828009605407715
INFO     Train epoch: 0 step: 19 Tokens seen: 2432 Train Loss: 11.086714744567871
INFO     Train epoch: 0 step: 20 Tokens seen: 2560 Train Loss: 11.060060501098633
INFO     Train epoch: 0 step: 21 Tokens seen: 2688 Train Loss: 11.07229232788086
INFO     Train epoch: 0 step: 22 Tokens seen: 2816 Train Loss: 11.089020729064941
INFO     Train epoch: 0 step: 23 Tokens seen: 2944 Train Loss: 11.109527587890625
INFO     Train epoch: 0 step: 24 Tokens seen: 3072 Train Loss: 11.028045654296875
INFO     Train epoch: 0 step: 25 Tokens seen: 3200 Train Loss: 10.998941421508789
INFO     Train epoch: 0 step: 26 Tokens seen: 3328 Train Loss: 10.739827156066895
INFO     Train epoch: 0 step: 27 Tokens seen: 3456 Train Loss: 10.93929672241211
INFO     Train epoch: 0 step: 28 Tokens seen: 3584 Train Loss: 11.091121673583984
INFO     Train epoch: 0 step: 29 Tokens seen: 3712 Train Loss: 10.770628929138184
INFO     Train epoch: 0 step: 30 Tokens seen: 3840 Train Loss: 10.774341583251953
INFO     Train epoch: 0 step: 31 Tokens seen: 3968 Train Loss: 10.927742004394531
INFO     Train epoch: 0 step: 32 Tokens seen: 4096 Train Loss: 10.870035171508789
INFO     Train epoch: 0 step: 33 Tokens seen: 4224 Train Loss: 10.850069999694824
INFO     Train epoch: 0 step: 34 Tokens seen: 4352 Train Loss: 10.956550598144531
INFO     Train epoch: 0 step: 35 Tokens seen: 4480 Train Loss: 11.124228477478027
INFO     Train epoch: 0 step: 36 Tokens seen: 4608 Train Loss: 10.903789520263672
INFO     Train epoch: 0 step: 37 Tokens seen: 4736 Train Loss: 10.88735294342041
INFO     Train epoch: 0 step: 38 Tokens seen: 4864 Train Loss: 10.953392028808594
INFO     Train epoch: 0 step: 39 Tokens seen: 4992 Train Loss: 11.064857482910156
INFO     Train epoch: 0 step: 40 Tokens seen: 5120 Train Loss: 11.054966926574707
INFO     Train epoch: 0 step: 41 Tokens seen: 5248 Train Loss: 10.76187801361084
INFO     Train epoch: 0 step: 42 Tokens seen: 5376 Train Loss: 10.943009376525879
INFO     Train epoch: 0 step: 43 Tokens seen: 5504 Train Loss: 10.841851234436035
INFO     Train epoch: 0 step: 44 Tokens seen: 5632 Train Loss: 10.946505546569824
INFO     Train epoch: 0 step: 45 Tokens seen: 5760 Train Loss: 10.958089828491211
INFO     Train epoch: 0 step: 46 Tokens seen: 5888 Train Loss: 10.783445358276367
INFO     Train epoch: 0 step: 47 Tokens seen: 6016 Train Loss: 10.839066505432129
INFO     Train epoch: 0 step: 48 Tokens seen: 6144 Train Loss: 10.902915954589844
INFO     Train epoch: 0 step: 49 Tokens seen: 6272 Train Loss: 10.706782341003418
INFO     Train epoch: 0 step: 50 Tokens seen: 6400 Train Loss: 10.887088775634766
INFO     Train epoch: 0 step: 51 Tokens seen: 6528 Train Loss: 10.80834674835205
INFO     Train epoch: 0 step: 52 Tokens seen: 6656 Train Loss: 10.648619651794434
INFO     Train epoch: 0 step: 53 Tokens seen: 6784 Train Loss: 10.699166297912598
INFO     Train epoch: 0 step: 54 Tokens seen: 6912 Train Loss: 10.874868392944336
INFO     Train epoch: 0 step: 55 Tokens seen: 7040 Train Loss: 10.812623023986816
INFO     Train epoch: 0 step: 56 Tokens seen: 7168 Train Loss: 10.875140190124512
INFO     Train epoch: 0 step: 57 Tokens seen: 7296 Train Loss: 10.657499313354492
INFO     Train epoch: 0 step: 58 Tokens seen: 7424 Train Loss: 10.813064575195312
INFO     Train epoch: 0 step: 59 Tokens seen: 7552 Train Loss: 10.979859352111816
INFO     Train epoch: 0 step: 60 Tokens seen: 7680 Train Loss: 10.738636016845703
INFO     Train epoch: 0 step: 61 Tokens seen: 7808 Train Loss: 10.853072166442871
INFO     Train epoch: 0 step: 62 Tokens seen: 7936 Train Loss: 10.83122730255127
INFO     Train epoch: 0 step: 63 Tokens seen: 8064 Train Loss: 10.969115257263184
INFO     Train epoch: 0 step: 64 Tokens seen: 8192 Train Loss: 10.823135375976562
INFO     Train epoch: 0 step: 65 Tokens seen: 8320 Train Loss: 10.868426322937012
INFO     Train epoch: 0 step: 66 Tokens seen: 8448 Train Loss: 10.774704933166504
INFO     Train epoch: 0 step: 67 Tokens seen: 8576 Train Loss: 10.781259536743164
INFO     Train epoch: 0 step: 68 Tokens seen: 8704 Train Loss: 11.009666442871094
INFO     Train epoch: 0 step: 69 Tokens seen: 8832 Train Loss: 10.815577507019043
INFO     Train epoch: 0 step: 70 Tokens seen: 8960 Train Loss: 10.76427936553955
INFO     Train epoch: 0 step: 71 Tokens seen: 9088 Train Loss: 10.826213836669922
INFO     Train epoch: 0 step: 72 Tokens seen: 9216 Train Loss: 10.847128868103027
INFO     Train epoch: 0 step: 73 Tokens seen: 9344 Train Loss: 10.831023216247559
INFO     Train epoch: 0 step: 74 Tokens seen: 9472 Train Loss: 10.560832023620605
INFO     Train epoch: 0 step: 75 Tokens seen: 9600 Train Loss: 10.692384719848633
INFO     Train epoch: 0 step: 76 Tokens seen: 9728 Train Loss: 10.649872779846191
INFO     Train epoch: 0 step: 77 Tokens seen: 9856 Train Loss: 10.900666236877441
INFO     Train epoch: 0 step: 78 Tokens seen: 9984 Train Loss: 10.842236518859863
INFO     Train epoch: 0 step: 79 Tokens seen: 10112 Train Loss: 10.529085159301758
INFO     Train epoch: 0 step: 80 Tokens seen: 10240 Train Loss: 10.710185050964355
INFO     Train epoch: 0 step: 81 Tokens seen: 10368 Train Loss: 10.644426345825195
INFO     Train epoch: 0 step: 82 Tokens seen: 10496 Train Loss: 10.865562438964844
INFO     Train epoch: 0 step: 83 Tokens seen: 10624 Train Loss: 10.697232246398926
INFO     Train epoch: 0 step: 84 Tokens seen: 10752 Train Loss: 10.752691268920898
INFO     Train epoch: 0 step: 85 Tokens seen: 10880 Train Loss: 10.821438789367676
INFO     Train epoch: 0 step: 86 Tokens seen: 11008 Train Loss: 10.672014236450195
INFO     Train epoch: 0 step: 87 Tokens seen: 11136 Train Loss: 10.641191482543945
INFO     Train epoch: 0 step: 88 Tokens seen: 11264 Train Loss: 10.485730171203613
INFO     Train epoch: 0 step: 89 Tokens seen: 11392 Train Loss: 10.755166053771973
INFO     Train epoch: 0 step: 90 Tokens seen: 11520 Train Loss: 10.38067626953125
INFO     Train epoch: 0 step: 91 Tokens seen: 11648 Train Loss: 10.843656539916992
INFO     Train epoch: 0 step: 92 Tokens seen: 11776 Train Loss: 10.495366096496582
INFO     Train epoch: 0 step: 93 Tokens seen: 11904 Train Loss: 10.757171630859375
INFO     Train epoch: 0 step: 94 Tokens seen: 12032 Train Loss: 10.584087371826172
INFO     Train epoch: 0 step: 95 Tokens seen: 12160 Train Loss: 10.326227188110352
INFO     Train epoch: 0 step: 96 Tokens seen: 12288 Train Loss: 10.714949607849121
INFO     Train epoch: 0 step: 97 Tokens seen: 12416 Train Loss: 10.888689994812012
INFO     Train epoch: 0 step: 98 Tokens seen: 12544 Train Loss: 10.733084678649902
INFO     Train epoch: 0 step: 99 Tokens seen: 12672 Train Loss: 10.714208602905273
INFO     Train epoch: 0 step: 100 Tokens seen: 12800 Train Loss: 10.483255386352539
INFO     Checkpoint Saved | Train loss: 10.483255386352539 | Eval loss: 0.0
INFO     Train epoch: 0 step: 101 Tokens seen: 12928 Train Loss: 10.415526390075684
INFO     Train epoch: 0 step: 102 Tokens seen: 13056 Train Loss: 10.496386528015137
INFO     Train epoch: 0 step: 103 Tokens seen: 13184 Train Loss: 10.523571968078613
INFO     Train epoch: 0 step: 104 Tokens seen: 13312 Train Loss: 10.720776557922363
INFO     Train epoch: 0 step: 105 Tokens seen: 13440 Train Loss: 10.36640739440918
INFO     Train epoch: 0 step: 106 Tokens seen: 13568 Train Loss: 10.74177074432373
INFO     Train epoch: 0 step: 107 Tokens seen: 13696 Train Loss: 10.425752639770508
INFO     Train epoch: 0 step: 108 Tokens seen: 13824 Train Loss: 10.508478164672852
INFO     Train epoch: 0 step: 109 Tokens seen: 13952 Train Loss: 10.701074600219727
INFO     Train epoch: 0 step: 110 Tokens seen: 14080 Train Loss: 10.5836181640625
INFO     Train epoch: 0 step: 111 Tokens seen: 14208 Train Loss: 10.772401809692383
INFO     Train epoch: 0 step: 112 Tokens seen: 14336 Train Loss: 10.533072471618652
INFO     Train epoch: 0 step: 113 Tokens seen: 14464 Train Loss: 10.309243202209473
INFO     Train epoch: 0 step: 114 Tokens seen: 14592 Train Loss: 10.337652206420898
INFO     Train epoch: 0 step: 115 Tokens seen: 14720 Train Loss: 10.228419303894043
INFO     Train epoch: 0 step: 116 Tokens seen: 14848 Train Loss: 10.738322257995605
INFO     Train epoch: 0 step: 117 Tokens seen: 14976 Train Loss: 10.659191131591797
INFO     Train epoch: 0 step: 118 Tokens seen: 15104 Train Loss: 10.521967887878418
INFO     Train epoch: 0 step: 119 Tokens seen: 15232 Train Loss: 10.715827941894531
INFO     Train epoch: 0 step: 120 Tokens seen: 15360 Train Loss: 10.584909439086914
INFO     Train epoch: 0 step: 121 Tokens seen: 15488 Train Loss: 10.377890586853027
INFO     Train epoch: 0 step: 122 Tokens seen: 15616 Train Loss: 10.415058135986328
INFO     Train epoch: 0 step: 123 Tokens seen: 15744 Train Loss: 10.369964599609375
INFO     Train epoch: 0 step: 124 Tokens seen: 15872 Train Loss: 10.455974578857422
INFO     Train epoch: 0 step: 125 Tokens seen: 16000 Train Loss: 10.337745666503906
INFO     Train epoch: 0 step: 126 Tokens seen: 16128 Train Loss: 10.432514190673828
INFO     Train epoch: 0 step: 127 Tokens seen: 16256 Train Loss: 10.549737930297852
INFO     Train epoch: 0 step: 128 Tokens seen: 16384 Train Loss: 10.44567584991455
INFO     Train epoch: 0 step: 129 Tokens seen: 16512 Train Loss: 10.28455638885498
INFO     Train epoch: 0 step: 130 Tokens seen: 16640 Train Loss: 10.417481422424316
INFO     Train epoch: 0 step: 131 Tokens seen: 16768 Train Loss: 10.61049747467041
INFO     Train epoch: 0 step: 132 Tokens seen: 16896 Train Loss: 10.490453720092773
INFO     Train epoch: 0 step: 133 Tokens seen: 17024 Train Loss: 10.31910514831543
INFO     Train epoch: 0 step: 134 Tokens seen: 17152 Train Loss: 10.121932029724121
INFO     Train epoch: 0 step: 135 Tokens seen: 17280 Train Loss: 10.659346580505371
INFO     Train epoch: 0 step: 136 Tokens seen: 17408 Train Loss: 10.309191703796387
INFO     Train epoch: 0 step: 137 Tokens seen: 17536 Train Loss: 10.304646492004395
INFO     Train epoch: 0 step: 138 Tokens seen: 17664 Train Loss: 10.495033264160156
INFO     Train epoch: 0 step: 139 Tokens seen: 17792 Train Loss: 10.337315559387207
INFO     Train epoch: 0 step: 140 Tokens seen: 17920 Train Loss: 10.404791831970215
INFO     Train epoch: 0 step: 141 Tokens seen: 18048 Train Loss: 10.32861042022705
INFO     Train epoch: 0 step: 142 Tokens seen: 18176 Train Loss: 10.393251419067383
INFO     Train epoch: 0 step: 143 Tokens seen: 18304 Train Loss: 10.251211166381836
INFO     Train epoch: 0 step: 144 Tokens seen: 18432 Train Loss: 10.257139205932617
INFO     Train epoch: 0 step: 145 Tokens seen: 18560 Train Loss: 10.346917152404785
INFO     Train epoch: 0 step: 146 Tokens seen: 18688 Train Loss: 10.542688369750977
INFO     Train epoch: 0 step: 147 Tokens seen: 18816 Train Loss: 10.404502868652344
INFO     Train epoch: 0 step: 148 Tokens seen: 18944 Train Loss: 10.611764907836914
INFO     Train epoch: 0 step: 149 Tokens seen: 19072 Train Loss: 10.59144115447998
INFO     Train epoch: 0 step: 150 Tokens seen: 19200 Train Loss: 10.395746231079102
INFO     Train epoch: 0 step: 151 Tokens seen: 19328 Train Loss: 10.26538372039795
INFO     Train epoch: 0 step: 152 Tokens seen: 19456 Train Loss: 10.362210273742676
INFO     Train epoch: 0 step: 153 Tokens seen: 19584 Train Loss: 10.408108711242676
INFO     Train epoch: 0 step: 154 Tokens seen: 19712 Train Loss: 10.015865325927734
INFO     Train epoch: 0 step: 155 Tokens seen: 19840 Train Loss: 10.397929191589355
INFO     Train epoch: 0 step: 156 Tokens seen: 19968 Train Loss: 10.134519577026367
INFO     Train epoch: 0 step: 157 Tokens seen: 20096 Train Loss: 10.419222831726074
INFO     Train epoch: 0 step: 158 Tokens seen: 20224 Train Loss: 10.374028205871582
INFO     Train epoch: 0 step: 159 Tokens seen: 20352 Train Loss: 10.179210662841797
INFO     Train epoch: 0 step: 160 Tokens seen: 20480 Train Loss: 10.211472511291504
INFO     Train epoch: 0 step: 161 Tokens seen: 20608 Train Loss: 10.622435569763184
INFO     Train epoch: 0 step: 162 Tokens seen: 20736 Train Loss: 10.280471801757812
INFO     Train epoch: 0 step: 163 Tokens seen: 20864 Train Loss: 10.247214317321777
INFO     Train epoch: 0 step: 164 Tokens seen: 20992 Train Loss: 10.439248085021973
INFO     Train epoch: 0 step: 165 Tokens seen: 21120 Train Loss: 10.306526184082031
INFO     Train epoch: 0 step: 166 Tokens seen: 21248 Train Loss: 10.634895324707031
INFO     Train epoch: 0 step: 167 Tokens seen: 21376 Train Loss: 10.566438674926758
INFO     Train epoch: 0 step: 168 Tokens seen: 21504 Train Loss: 10.329383850097656
INFO     Train epoch: 0 step: 169 Tokens seen: 21632 Train Loss: 10.086929321289062
INFO     Train epoch: 0 step: 170 Tokens seen: 21760 Train Loss: 10.402795791625977
INFO     Train epoch: 0 step: 171 Tokens seen: 21888 Train Loss: 10.53746509552002
INFO     Train epoch: 0 step: 172 Tokens seen: 22016 Train Loss: 10.718799591064453
INFO     Train epoch: 0 step: 173 Tokens seen: 22144 Train Loss: 10.479499816894531
INFO     Train epoch: 0 step: 174 Tokens seen: 22272 Train Loss: 10.370232582092285
INFO     Train epoch: 0 step: 175 Tokens seen: 22400 Train Loss: 10.19214153289795
INFO     Train epoch: 0 step: 176 Tokens seen: 22528 Train Loss: 9.86368465423584
INFO     Train epoch: 0 step: 177 Tokens seen: 22656 Train Loss: 10.011092185974121
INFO     Train epoch: 0 step: 178 Tokens seen: 22784 Train Loss: 10.265785217285156
INFO     Train epoch: 0 step: 179 Tokens seen: 22912 Train Loss: 10.273811340332031
INFO     Train epoch: 0 step: 180 Tokens seen: 23040 Train Loss: 10.060785293579102
INFO     Train epoch: 0 step: 181 Tokens seen: 23168 Train Loss: 10.233161926269531
INFO     Train epoch: 0 step: 182 Tokens seen: 23296 Train Loss: 10.392634391784668
INFO     Train epoch: 0 step: 183 Tokens seen: 23424 Train Loss: 10.103349685668945
INFO     Train epoch: 0 step: 184 Tokens seen: 23552 Train Loss: 9.825825691223145
INFO     Train epoch: 0 step: 185 Tokens seen: 23680 Train Loss: 10.256113052368164
INFO     Train epoch: 0 step: 186 Tokens seen: 23808 Train Loss: 10.28710651397705
INFO     Train epoch: 0 step: 187 Tokens seen: 23936 Train Loss: 10.15743637084961
INFO     Train epoch: 0 step: 188 Tokens seen: 24064 Train Loss: 10.399651527404785
INFO     Train epoch: 0 step: 189 Tokens seen: 24192 Train Loss: 10.397475242614746
INFO     Train epoch: 0 step: 190 Tokens seen: 24320 Train Loss: 10.038658142089844
INFO     Train epoch: 0 step: 191 Tokens seen: 24448 Train Loss: 10.211746215820312
INFO     Train epoch: 0 step: 192 Tokens seen: 24576 Train Loss: 10.12590217590332
INFO     Train epoch: 0 step: 193 Tokens seen: 24704 Train Loss: 9.885425567626953
INFO     Train epoch: 0 step: 194 Tokens seen: 24832 Train Loss: 9.979080200195312
INFO     Train epoch: 0 step: 195 Tokens seen: 24960 Train Loss: 10.000519752502441
INFO     Train epoch: 0 step: 196 Tokens seen: 25088 Train Loss: 10.153853416442871
INFO     Train epoch: 0 step: 197 Tokens seen: 25216 Train Loss: 10.175651550292969
INFO     Train epoch: 0 step: 198 Tokens seen: 25344 Train Loss: 10.206533432006836
INFO     Train epoch: 0 step: 199 Tokens seen: 25472 Train Loss: 10.235576629638672
INFO     Train epoch: 0 step: 200 Tokens seen: 25600 Train Loss: 10.25422477722168
INFO     Checkpoint Saved | Train loss: 10.25422477722168 | Eval loss: 0.0
INFO     Train epoch: 0 step: 201 Tokens seen: 25728 Train Loss: 10.011530876159668
INFO     Train epoch: 0 step: 202 Tokens seen: 25856 Train Loss: 10.0039701461792
INFO     Train epoch: 0 step: 203 Tokens seen: 25984 Train Loss: 9.96639633178711
INFO     Train epoch: 0 step: 204 Tokens seen: 26112 Train Loss: 10.201913833618164
INFO     Train epoch: 0 step: 205 Tokens seen: 26240 Train Loss: 9.89517879486084
INFO     Train epoch: 0 step: 206 Tokens seen: 26368 Train Loss: 10.250571250915527
INFO     Train epoch: 0 step: 207 Tokens seen: 26496 Train Loss: 10.423384666442871
INFO     Train epoch: 0 step: 208 Tokens seen: 26624 Train Loss: 10.21958065032959
INFO     Train epoch: 0 step: 209 Tokens seen: 26752 Train Loss: 9.980341911315918
INFO     Train epoch: 0 step: 210 Tokens seen: 26880 Train Loss: 9.944177627563477
INFO     Train epoch: 0 step: 211 Tokens seen: 27008 Train Loss: 10.381826400756836
INFO     Train epoch: 0 step: 212 Tokens seen: 27136 Train Loss: 9.937677383422852
INFO     Train epoch: 0 step: 213 Tokens seen: 27264 Train Loss: 9.831985473632812
INFO     Train epoch: 0 step: 214 Tokens seen: 27392 Train Loss: 10.017322540283203
INFO     Train epoch: 0 step: 215 Tokens seen: 27520 Train Loss: 10.322161674499512
INFO     Train epoch: 0 step: 216 Tokens seen: 27648 Train Loss: 10.267263412475586
INFO     Train epoch: 0 step: 217 Tokens seen: 27776 Train Loss: 10.442081451416016
INFO     Train epoch: 0 step: 218 Tokens seen: 27904 Train Loss: 9.960052490234375
INFO     Train epoch: 0 step: 219 Tokens seen: 28032 Train Loss: 9.887020111083984
INFO     Train epoch: 0 step: 220 Tokens seen: 28160 Train Loss: 9.51220703125
INFO     Train epoch: 0 step: 221 Tokens seen: 28288 Train Loss: 10.14687728881836
INFO     Train epoch: 0 step: 222 Tokens seen: 28416 Train Loss: 9.918794631958008
INFO     Train epoch: 0 step: 223 Tokens seen: 28544 Train Loss: 9.583378791809082
INFO     Train epoch: 0 step: 224 Tokens seen: 28672 Train Loss: 10.113563537597656
INFO     Train epoch: 0 step: 225 Tokens seen: 28800 Train Loss: 10.400172233581543
INFO     Train epoch: 0 step: 226 Tokens seen: 28928 Train Loss: 10.073829650878906
INFO     Train epoch: 0 step: 227 Tokens seen: 29056 Train Loss: 9.935853004455566
INFO     Train epoch: 0 step: 228 Tokens seen: 29184 Train Loss: 9.977103233337402
INFO     Train epoch: 0 step: 229 Tokens seen: 29312 Train Loss: 9.783897399902344
INFO     Train epoch: 0 step: 230 Tokens seen: 29440 Train Loss: 10.08953857421875
INFO     Train epoch: 0 step: 231 Tokens seen: 29568 Train Loss: 9.855222702026367
INFO     Train epoch: 0 step: 232 Tokens seen: 29696 Train Loss: 10.027846336364746
INFO     Train epoch: 0 step: 233 Tokens seen: 29824 Train Loss: 9.691165924072266
INFO     Train epoch: 0 step: 234 Tokens seen: 29952 Train Loss: 10.400562286376953
INFO     Train epoch: 0 step: 235 Tokens seen: 30080 Train Loss: 9.673972129821777
INFO     Train epoch: 0 step: 236 Tokens seen: 30208 Train Loss: 10.06092643737793
INFO     Train epoch: 0 step: 237 Tokens seen: 30336 Train Loss: 10.025705337524414
INFO     Train epoch: 0 step: 238 Tokens seen: 30464 Train Loss: 9.788477897644043
INFO     Train epoch: 0 step: 239 Tokens seen: 30592 Train Loss: 9.831761360168457
INFO     Train epoch: 0 step: 240 Tokens seen: 30720 Train Loss: 10.019574165344238
INFO     Train epoch: 0 step: 241 Tokens seen: 30848 Train Loss: 9.780218124389648
INFO     Train epoch: 0 step: 242 Tokens seen: 30976 Train Loss: 9.827430725097656
INFO     Train epoch: 0 step: 243 Tokens seen: 31104 Train Loss: 9.355141639709473
INFO     Train epoch: 0 step: 244 Tokens seen: 31232 Train Loss: 9.78374195098877
INFO     Train epoch: 0 step: 245 Tokens seen: 31360 Train Loss: 9.863595962524414
INFO     Train epoch: 0 step: 246 Tokens seen: 31488 Train Loss: 9.736355781555176
INFO     Train epoch: 0 step: 247 Tokens seen: 31616 Train Loss: 10.10736083984375
INFO     Train epoch: 0 step: 248 Tokens seen: 31744 Train Loss: 10.083271026611328
INFO     Train epoch: 0 step: 249 Tokens seen: 31872 Train Loss: 9.89066219329834
INFO     Train epoch: 0 step: 250 Tokens seen: 32000 Train Loss: 9.846915245056152
INFO     Train epoch: 0 step: 251 Tokens seen: 32128 Train Loss: 9.733906745910645
INFO     Train epoch: 0 step: 252 Tokens seen: 32256 Train Loss: 9.684248924255371
INFO     Train epoch: 0 step: 253 Tokens seen: 32384 Train Loss: 9.858482360839844
INFO     Train epoch: 0 step: 254 Tokens seen: 32512 Train Loss: 9.708785057067871
INFO     Train epoch: 0 step: 255 Tokens seen: 32640 Train Loss: 9.910951614379883
INFO     Train epoch: 0 step: 256 Tokens seen: 32768 Train Loss: 10.136795997619629
INFO     Train epoch: 0 step: 257 Tokens seen: 32896 Train Loss: 9.99350357055664
INFO     Train epoch: 0 step: 258 Tokens seen: 33024 Train Loss: 9.998960494995117
INFO     Train epoch: 0 step: 259 Tokens seen: 33152 Train Loss: 9.849557876586914
INFO     Train epoch: 0 step: 260 Tokens seen: 33280 Train Loss: 9.653990745544434
INFO     Train epoch: 0 step: 261 Tokens seen: 33408 Train Loss: 9.855663299560547
INFO     Train epoch: 0 step: 262 Tokens seen: 33536 Train Loss: 9.649850845336914
INFO     Train epoch: 0 step: 263 Tokens seen: 33664 Train Loss: 10.052133560180664
INFO     Train epoch: 0 step: 264 Tokens seen: 33792 Train Loss: 9.903959274291992
INFO     Train epoch: 0 step: 265 Tokens seen: 33920 Train Loss: 10.122190475463867
INFO     Train epoch: 0 step: 266 Tokens seen: 34048 Train Loss: 9.67927360534668
INFO     Train epoch: 0 step: 267 Tokens seen: 34176 Train Loss: 9.731574058532715
INFO     Train epoch: 0 step: 268 Tokens seen: 34304 Train Loss: 9.83395004272461
INFO     Train epoch: 0 step: 269 Tokens seen: 34432 Train Loss: 9.354557037353516
INFO     Train epoch: 0 step: 270 Tokens seen: 34560 Train Loss: 9.89791202545166
INFO     Train epoch: 0 step: 271 Tokens seen: 34688 Train Loss: 9.95754623413086
INFO     Train epoch: 0 step: 272 Tokens seen: 34816 Train Loss: 9.815201759338379
INFO     Train epoch: 0 step: 273 Tokens seen: 34944 Train Loss: 9.615265846252441
INFO     Train epoch: 0 step: 274 Tokens seen: 35072 Train Loss: 9.693853378295898
INFO     Train epoch: 0 step: 275 Tokens seen: 35200 Train Loss: 9.984261512756348
INFO     Train epoch: 0 step: 276 Tokens seen: 35328 Train Loss: 9.623175621032715
INFO     Train epoch: 0 step: 277 Tokens seen: 35456 Train Loss: 9.547566413879395
INFO     Train epoch: 0 step: 278 Tokens seen: 35584 Train Loss: 9.60501766204834
INFO     Train epoch: 0 step: 279 Tokens seen: 35712 Train Loss: 9.902496337890625
INFO     Train epoch: 0 step: 280 Tokens seen: 35840 Train Loss: 9.757246971130371
INFO     Train epoch: 0 step: 281 Tokens seen: 35968 Train Loss: 9.283472061157227
INFO     Train epoch: 0 step: 282 Tokens seen: 36096 Train Loss: 9.3358154296875
INFO     Train epoch: 0 step: 283 Tokens seen: 36224 Train Loss: 9.922725677490234
INFO     Train epoch: 0 step: 284 Tokens seen: 36352 Train Loss: 9.70921516418457
INFO     Train epoch: 0 step: 285 Tokens seen: 36480 Train Loss: 9.655350685119629
INFO     Train epoch: 0 step: 286 Tokens seen: 36608 Train Loss: 9.385438919067383
INFO     Train epoch: 0 step: 287 Tokens seen: 36736 Train Loss: 9.52013111114502
INFO     Train epoch: 0 step: 288 Tokens seen: 36864 Train Loss: 9.52988338470459
INFO     Train epoch: 0 step: 289 Tokens seen: 36992 Train Loss: 9.707429885864258
INFO     Train epoch: 0 step: 290 Tokens seen: 37120 Train Loss: 9.547874450683594
INFO     Train epoch: 0 step: 291 Tokens seen: 37248 Train Loss: 9.586958885192871
INFO     Train epoch: 0 step: 292 Tokens seen: 37376 Train Loss: 9.722626686096191
INFO     Train epoch: 0 step: 293 Tokens seen: 37504 Train Loss: 9.737774848937988
INFO     Train epoch: 0 step: 294 Tokens seen: 37632 Train Loss: 9.78797435760498
INFO     Train epoch: 0 step: 295 Tokens seen: 37760 Train Loss: 8.879103660583496
INFO     Train epoch: 0 step: 296 Tokens seen: 37888 Train Loss: 9.579062461853027
INFO     Train epoch: 0 step: 297 Tokens seen: 38016 Train Loss: 9.396445274353027
INFO     Train epoch: 0 step: 298 Tokens seen: 38144 Train Loss: 9.859908103942871
INFO     Train epoch: 0 step: 299 Tokens seen: 38272 Train Loss: 9.852526664733887
INFO     Train epoch: 0 step: 300 Tokens seen: 38400 Train Loss: 9.551209449768066
INFO     Checkpoint Saved | Train loss: 9.551209449768066 | Eval loss: 0.0
INFO     Train epoch: 0 step: 301 Tokens seen: 38528 Train Loss: 9.299911499023438
INFO     Train epoch: 0 step: 302 Tokens seen: 38656 Train Loss: 9.509417533874512
INFO     Train epoch: 0 step: 303 Tokens seen: 38784 Train Loss: 9.697422981262207
INFO     Train epoch: 0 step: 304 Tokens seen: 38912 Train Loss: 9.559414863586426
INFO     Train epoch: 0 step: 305 Tokens seen: 39040 Train Loss: 9.756752014160156
INFO     Train epoch: 0 step: 306 Tokens seen: 39168 Train Loss: 9.389932632446289
INFO     Train epoch: 0 step: 307 Tokens seen: 39296 Train Loss: 9.53963851928711
INFO     Train epoch: 0 step: 308 Tokens seen: 39424 Train Loss: 9.579036712646484
INFO     Train epoch: 0 step: 309 Tokens seen: 39552 Train Loss: 9.454201698303223
INFO     Train epoch: 0 step: 310 Tokens seen: 39680 Train Loss: 9.592443466186523
INFO     Train epoch: 0 step: 311 Tokens seen: 39808 Train Loss: 9.172134399414062
INFO     Train epoch: 0 step: 312 Tokens seen: 39936 Train Loss: 8.99545955657959
INFO     Train epoch: 0 step: 313 Tokens seen: 40064 Train Loss: 9.687921524047852
INFO     Train epoch: 0 step: 314 Tokens seen: 40192 Train Loss: 9.341377258300781
INFO     Train epoch: 0 step: 315 Tokens seen: 40320 Train Loss: 9.399855613708496
INFO     Train epoch: 0 step: 316 Tokens seen: 40448 Train Loss: 9.538314819335938
INFO     Train epoch: 0 step: 317 Tokens seen: 40576 Train Loss: 9.85753059387207
INFO     Train epoch: 0 step: 318 Tokens seen: 40704 Train Loss: 9.444568634033203
INFO     Train epoch: 0 step: 319 Tokens seen: 40832 Train Loss: 9.55418872833252
INFO     Train epoch: 0 step: 320 Tokens seen: 40960 Train Loss: 9.52159595489502
INFO     Train epoch: 0 step: 321 Tokens seen: 41088 Train Loss: 9.639873504638672
INFO     Train epoch: 0 step: 322 Tokens seen: 41216 Train Loss: 9.204781532287598
INFO     Train epoch: 0 step: 323 Tokens seen: 41344 Train Loss: 9.644269943237305
INFO     Train epoch: 0 step: 324 Tokens seen: 41472 Train Loss: 9.483949661254883
INFO     Train epoch: 0 step: 325 Tokens seen: 41600 Train Loss: 9.345951080322266
INFO     Train epoch: 0 step: 326 Tokens seen: 41728 Train Loss: 9.306473731994629
INFO     Train epoch: 0 step: 327 Tokens seen: 41856 Train Loss: 9.263612747192383
INFO     Train epoch: 0 step: 328 Tokens seen: 41984 Train Loss: 9.523747444152832
INFO     Train epoch: 0 step: 329 Tokens seen: 42112 Train Loss: 9.398932456970215
INFO     Train epoch: 0 step: 330 Tokens seen: 42240 Train Loss: 9.312461853027344
INFO     Train epoch: 0 step: 331 Tokens seen: 42368 Train Loss: 9.619407653808594
INFO     Train epoch: 0 step: 332 Tokens seen: 42496 Train Loss: 9.335395812988281
INFO     Train epoch: 0 step: 333 Tokens seen: 42624 Train Loss: 9.164205551147461
INFO     Train epoch: 0 step: 334 Tokens seen: 42752 Train Loss: 9.178999900817871
INFO     Train epoch: 0 step: 335 Tokens seen: 42880 Train Loss: 9.586467742919922
INFO     Train epoch: 0 step: 336 Tokens seen: 43008 Train Loss: 9.187721252441406
INFO     Train epoch: 0 step: 337 Tokens seen: 43136 Train Loss: 9.291375160217285
INFO     Train epoch: 0 step: 338 Tokens seen: 43264 Train Loss: 9.3956298828125
INFO     Train epoch: 0 step: 339 Tokens seen: 43392 Train Loss: 9.601414680480957
INFO     Train epoch: 0 step: 340 Tokens seen: 43520 Train Loss: 9.587615013122559
INFO     Train epoch: 0 step: 341 Tokens seen: 43648 Train Loss: 9.514750480651855
INFO     Epoch 0 ended with train loss 2.561496990517088 validation loss 0.0
INFO     Model is compiled!
INFO     Train epoch: 0 step: 1 Tokens seen: 128 Train Loss: 11.20677375793457
INFO     Train epoch: 0 step: 2 Tokens seen: 256 Train Loss: 11.019143104553223
INFO     Train epoch: 0 step: 3 Tokens seen: 384 Train Loss: 11.040294647216797
INFO     Train epoch: 0 step: 4 Tokens seen: 512 Train Loss: 10.973138809204102
INFO     Train epoch: 0 step: 5 Tokens seen: 640 Train Loss: 10.948976516723633
INFO     Train epoch: 0 step: 6 Tokens seen: 768 Train Loss: 10.829326629638672
INFO     Train epoch: 0 step: 7 Tokens seen: 896 Train Loss: 11.071743965148926
INFO     Train epoch: 0 step: 8 Tokens seen: 1024 Train Loss: 11.077716827392578
INFO     Train epoch: 0 step: 9 Tokens seen: 1152 Train Loss: 11.027396202087402
INFO     Train epoch: 0 step: 10 Tokens seen: 1280 Train Loss: 10.773534774780273
INFO     Train epoch: 0 step: 11 Tokens seen: 1408 Train Loss: 10.87481689453125
INFO     Train epoch: 0 step: 12 Tokens seen: 1536 Train Loss: 10.691824913024902
INFO     Train epoch: 0 step: 13 Tokens seen: 1664 Train Loss: 10.945961952209473
INFO     Train epoch: 0 step: 14 Tokens seen: 1792 Train Loss: 11.03743839263916
INFO     Train epoch: 0 step: 15 Tokens seen: 1920 Train Loss: 10.69044017791748
INFO     Train epoch: 0 step: 16 Tokens seen: 2048 Train Loss: 11.126547813415527
INFO     Train epoch: 0 step: 17 Tokens seen: 2176 Train Loss: 10.81617546081543
INFO     Train epoch: 0 step: 18 Tokens seen: 2304 Train Loss: 10.74221134185791
INFO     Train epoch: 0 step: 19 Tokens seen: 2432 Train Loss: 10.892240524291992
INFO     Train epoch: 0 step: 20 Tokens seen: 2560 Train Loss: 10.9979829788208
INFO     Train epoch: 0 step: 21 Tokens seen: 2688 Train Loss: 10.843719482421875
INFO     Train epoch: 0 step: 22 Tokens seen: 2816 Train Loss: 10.922289848327637
INFO     Train epoch: 0 step: 23 Tokens seen: 2944 Train Loss: 11.159427642822266
INFO     Train epoch: 0 step: 24 Tokens seen: 3072 Train Loss: 10.833492279052734
INFO     Train epoch: 0 step: 25 Tokens seen: 3200 Train Loss: 10.84895133972168
INFO     Train epoch: 0 step: 26 Tokens seen: 3328 Train Loss: 10.82137680053711
INFO     Train epoch: 0 step: 27 Tokens seen: 3456 Train Loss: 10.827937126159668
INFO     Train epoch: 0 step: 28 Tokens seen: 3584 Train Loss: 10.90884017944336
INFO     Train epoch: 0 step: 29 Tokens seen: 3712 Train Loss: 10.531956672668457
INFO     Train epoch: 0 step: 30 Tokens seen: 3840 Train Loss: 10.811588287353516
INFO     Train epoch: 0 step: 31 Tokens seen: 3968 Train Loss: 10.673596382141113
INFO     Train epoch: 0 step: 32 Tokens seen: 4096 Train Loss: 11.042122840881348
INFO     Train epoch: 0 step: 33 Tokens seen: 4224 Train Loss: 10.84436321258545
INFO     Train epoch: 0 step: 34 Tokens seen: 4352 Train Loss: 10.881566047668457
INFO     Train epoch: 0 step: 35 Tokens seen: 4480 Train Loss: 10.732926368713379
INFO     Train epoch: 0 step: 36 Tokens seen: 4608 Train Loss: 10.867886543273926
INFO     Train epoch: 0 step: 37 Tokens seen: 4736 Train Loss: 10.616613388061523
INFO     Train epoch: 0 step: 38 Tokens seen: 4864 Train Loss: 10.97698974609375
INFO     Train epoch: 0 step: 39 Tokens seen: 4992 Train Loss: 10.871474266052246
INFO     Train epoch: 0 step: 40 Tokens seen: 5120 Train Loss: 10.760226249694824
INFO     Train epoch: 0 step: 41 Tokens seen: 5248 Train Loss: 10.76419734954834
INFO     Train epoch: 0 step: 42 Tokens seen: 5376 Train Loss: 10.706510543823242
INFO     Train epoch: 0 step: 43 Tokens seen: 5504 Train Loss: 10.512179374694824
INFO     Train epoch: 0 step: 44 Tokens seen: 5632 Train Loss: 10.919727325439453
INFO     Train epoch: 0 step: 45 Tokens seen: 5760 Train Loss: 10.76966381072998
INFO     Train epoch: 0 step: 46 Tokens seen: 5888 Train Loss: 10.90256118774414
INFO     Train epoch: 0 step: 47 Tokens seen: 6016 Train Loss: 10.835297584533691
INFO     Train epoch: 0 step: 48 Tokens seen: 6144 Train Loss: 10.821089744567871
INFO     Train epoch: 0 step: 49 Tokens seen: 6272 Train Loss: 10.646787643432617
INFO     Train epoch: 0 step: 50 Tokens seen: 6400 Train Loss: 10.908516883850098
INFO     Train epoch: 0 step: 51 Tokens seen: 6528 Train Loss: 10.741817474365234
INFO     Train epoch: 0 step: 52 Tokens seen: 6656 Train Loss: 10.805745124816895
INFO     Train epoch: 0 step: 53 Tokens seen: 6784 Train Loss: 10.938255310058594
INFO     Train epoch: 0 step: 54 Tokens seen: 6912 Train Loss: 10.929231643676758
INFO     Train epoch: 0 step: 55 Tokens seen: 7040 Train Loss: 10.746294021606445
INFO     Train epoch: 0 step: 56 Tokens seen: 7168 Train Loss: 10.865050315856934
INFO     Train epoch: 0 step: 57 Tokens seen: 7296 Train Loss: 10.727734565734863
INFO     Train epoch: 0 step: 58 Tokens seen: 7424 Train Loss: 10.683262825012207
INFO     Train epoch: 0 step: 59 Tokens seen: 7552 Train Loss: 10.623973846435547
INFO     Train epoch: 0 step: 60 Tokens seen: 7680 Train Loss: 10.776065826416016
INFO     Train epoch: 0 step: 61 Tokens seen: 7808 Train Loss: 10.723114013671875
INFO     Train epoch: 0 step: 62 Tokens seen: 7936 Train Loss: 10.82151985168457
INFO     Train epoch: 0 step: 63 Tokens seen: 8064 Train Loss: 10.720731735229492
INFO     Train epoch: 0 step: 64 Tokens seen: 8192 Train Loss: 10.81329345703125
INFO     Train epoch: 0 step: 65 Tokens seen: 8320 Train Loss: 10.572391510009766
INFO     Train epoch: 0 step: 66 Tokens seen: 8448 Train Loss: 11.020761489868164
INFO     Train epoch: 0 step: 67 Tokens seen: 8576 Train Loss: 10.613191604614258
INFO     Train epoch: 0 step: 68 Tokens seen: 8704 Train Loss: 10.646990776062012
INFO     Train epoch: 0 step: 69 Tokens seen: 8832 Train Loss: 10.56053638458252
INFO     Train epoch: 0 step: 70 Tokens seen: 8960 Train Loss: 10.849589347839355
INFO     Train epoch: 0 step: 71 Tokens seen: 9088 Train Loss: 10.559967041015625
INFO     Train epoch: 0 step: 72 Tokens seen: 9216 Train Loss: 10.517324447631836
INFO     Train epoch: 0 step: 73 Tokens seen: 9344 Train Loss: 10.640878677368164
INFO     Train epoch: 0 step: 74 Tokens seen: 9472 Train Loss: 10.399750709533691
INFO     Train epoch: 0 step: 75 Tokens seen: 9600 Train Loss: 10.695276260375977
INFO     Train epoch: 0 step: 76 Tokens seen: 9728 Train Loss: 10.707645416259766
INFO     Train epoch: 0 step: 77 Tokens seen: 9856 Train Loss: 10.831650733947754
INFO     Train epoch: 0 step: 78 Tokens seen: 9984 Train Loss: 10.721821784973145
INFO     Train epoch: 0 step: 79 Tokens seen: 10112 Train Loss: 10.374723434448242
INFO     Train epoch: 0 step: 80 Tokens seen: 10240 Train Loss: 10.571924209594727
INFO     Train epoch: 0 step: 81 Tokens seen: 10368 Train Loss: 10.40854263305664
INFO     Train epoch: 0 step: 82 Tokens seen: 10496 Train Loss: 10.768916130065918
INFO     Train epoch: 0 step: 83 Tokens seen: 10624 Train Loss: 10.433599472045898
INFO     Train epoch: 0 step: 84 Tokens seen: 10752 Train Loss: 10.604199409484863
INFO     Train epoch: 0 step: 85 Tokens seen: 10880 Train Loss: 10.617911338806152
INFO     Train epoch: 0 step: 86 Tokens seen: 11008 Train Loss: 10.560540199279785
INFO     Train epoch: 0 step: 87 Tokens seen: 11136 Train Loss: 10.857104301452637
INFO     Train epoch: 0 step: 88 Tokens seen: 11264 Train Loss: 10.951142311096191
INFO     Train epoch: 0 step: 89 Tokens seen: 11392 Train Loss: 10.51309871673584
INFO     Train epoch: 0 step: 90 Tokens seen: 11520 Train Loss: 10.860469818115234
INFO     Train epoch: 0 step: 91 Tokens seen: 11648 Train Loss: 10.365683555603027
INFO     Train epoch: 0 step: 92 Tokens seen: 11776 Train Loss: 10.651883125305176
INFO     Train epoch: 0 step: 93 Tokens seen: 11904 Train Loss: 10.462166786193848
INFO     Train epoch: 0 step: 94 Tokens seen: 12032 Train Loss: 10.524009704589844
INFO     Train epoch: 0 step: 95 Tokens seen: 12160 Train Loss: 10.638035774230957
INFO     Train epoch: 0 step: 96 Tokens seen: 12288 Train Loss: 10.384678840637207
INFO     Train epoch: 0 step: 97 Tokens seen: 12416 Train Loss: 10.61713695526123
INFO     Train epoch: 0 step: 98 Tokens seen: 12544 Train Loss: 10.284578323364258
INFO     Train epoch: 0 step: 99 Tokens seen: 12672 Train Loss: 10.613120079040527
INFO     Train epoch: 0 step: 100 Tokens seen: 12800 Train Loss: 10.339734077453613
INFO     Checkpoint Saved | Train loss: 10.339734077453613 | Eval loss: 0.0
INFO     Train epoch: 0 step: 101 Tokens seen: 12928 Train Loss: 10.675802230834961
INFO     Train epoch: 0 step: 102 Tokens seen: 13056 Train Loss: 10.584554672241211
INFO     Train epoch: 0 step: 103 Tokens seen: 13184 Train Loss: 10.393355369567871
INFO     Train epoch: 0 step: 104 Tokens seen: 13312 Train Loss: 10.421852111816406
INFO     Train epoch: 0 step: 105 Tokens seen: 13440 Train Loss: 10.551563262939453
INFO     Train epoch: 0 step: 106 Tokens seen: 13568 Train Loss: 10.34803295135498
INFO     Train epoch: 0 step: 107 Tokens seen: 13696 Train Loss: 10.359123229980469
INFO     Train epoch: 0 step: 108 Tokens seen: 13824 Train Loss: 10.391791343688965
INFO     Train epoch: 0 step: 109 Tokens seen: 13952 Train Loss: 10.444743156433105
INFO     Train epoch: 0 step: 110 Tokens seen: 14080 Train Loss: 10.365474700927734
INFO     Train epoch: 0 step: 111 Tokens seen: 14208 Train Loss: 10.449681282043457
INFO     Train epoch: 0 step: 112 Tokens seen: 14336 Train Loss: 10.89062213897705
INFO     Train epoch: 0 step: 113 Tokens seen: 14464 Train Loss: 10.570741653442383
INFO     Train epoch: 0 step: 114 Tokens seen: 14592 Train Loss: 10.307257652282715
INFO     Train epoch: 0 step: 115 Tokens seen: 14720 Train Loss: 10.709506034851074
INFO     Train epoch: 0 step: 116 Tokens seen: 14848 Train Loss: 10.638148307800293
INFO     Train epoch: 0 step: 117 Tokens seen: 14976 Train Loss: 10.426603317260742
INFO     Train epoch: 0 step: 118 Tokens seen: 15104 Train Loss: 10.360650062561035
INFO     Train epoch: 0 step: 119 Tokens seen: 15232 Train Loss: 10.263739585876465
INFO     Train epoch: 0 step: 120 Tokens seen: 15360 Train Loss: 10.388190269470215
INFO     Train epoch: 0 step: 121 Tokens seen: 15488 Train Loss: 10.22947883605957
INFO     Train epoch: 0 step: 122 Tokens seen: 15616 Train Loss: 10.586523056030273
INFO     Train epoch: 0 step: 123 Tokens seen: 15744 Train Loss: 10.56662368774414
INFO     Train epoch: 0 step: 124 Tokens seen: 15872 Train Loss: 10.477217674255371
INFO     Train epoch: 0 step: 125 Tokens seen: 16000 Train Loss: 10.824844360351562
INFO     Train epoch: 0 step: 126 Tokens seen: 16128 Train Loss: 10.211838722229004
INFO     Train epoch: 0 step: 127 Tokens seen: 16256 Train Loss: 10.313084602355957
INFO     Train epoch: 0 step: 128 Tokens seen: 16384 Train Loss: 10.336347579956055
INFO     Train epoch: 0 step: 129 Tokens seen: 16512 Train Loss: 10.165618896484375
INFO     Train epoch: 0 step: 130 Tokens seen: 16640 Train Loss: 10.056079864501953
INFO     Train epoch: 0 step: 131 Tokens seen: 16768 Train Loss: 10.542779922485352
INFO     Train epoch: 0 step: 132 Tokens seen: 16896 Train Loss: 10.475665092468262
INFO     Model is compiled!
INFO     Train epoch: 0 step: 1 Tokens seen: 128 Train Loss: 11.247053146362305
INFO     Train epoch: 0 step: 2 Tokens seen: 256 Train Loss: 10.927535057067871
INFO     Train epoch: 0 step: 3 Tokens seen: 384 Train Loss: 11.065875053405762
INFO     Train epoch: 0 step: 4 Tokens seen: 512 Train Loss: 11.220207214355469
INFO     Train epoch: 0 step: 5 Tokens seen: 640 Train Loss: 10.834641456604004
INFO     Train epoch: 0 step: 6 Tokens seen: 768 Train Loss: 10.806017875671387
INFO     Train epoch: 0 step: 7 Tokens seen: 896 Train Loss: 10.913107872009277
INFO     Train epoch: 0 step: 8 Tokens seen: 1024 Train Loss: 11.036269187927246
INFO     Train epoch: 0 step: 9 Tokens seen: 1152 Train Loss: 11.350225448608398
INFO     Train epoch: 0 step: 10 Tokens seen: 1280 Train Loss: 10.98139762878418
INFO     Train epoch: 0 step: 11 Tokens seen: 1408 Train Loss: 11.072461128234863
INFO     Train epoch: 0 step: 12 Tokens seen: 1536 Train Loss: 11.079842567443848
INFO     Train epoch: 0 step: 13 Tokens seen: 1664 Train Loss: 10.774237632751465
INFO     Train epoch: 0 step: 14 Tokens seen: 1792 Train Loss: 11.031322479248047
INFO     Train epoch: 0 step: 15 Tokens seen: 1920 Train Loss: 11.094258308410645
INFO     Train epoch: 0 step: 16 Tokens seen: 2048 Train Loss: 10.984169960021973
INFO     Train epoch: 0 step: 17 Tokens seen: 2176 Train Loss: 11.012785911560059
INFO     Train epoch: 0 step: 18 Tokens seen: 2304 Train Loss: 11.243414878845215
INFO     Train epoch: 0 step: 19 Tokens seen: 2432 Train Loss: 11.057719230651855
INFO     Train epoch: 0 step: 20 Tokens seen: 2560 Train Loss: 11.1380615234375
INFO     Train epoch: 0 step: 21 Tokens seen: 2688 Train Loss: 10.800271034240723
INFO     Train epoch: 0 step: 22 Tokens seen: 2816 Train Loss: 10.83681583404541
INFO     Train epoch: 0 step: 23 Tokens seen: 2944 Train Loss: 10.878021240234375
INFO     Train epoch: 0 step: 24 Tokens seen: 3072 Train Loss: 11.065338134765625
INFO     Train epoch: 0 step: 25 Tokens seen: 3200 Train Loss: 10.863611221313477
INFO     Train epoch: 0 step: 26 Tokens seen: 3328 Train Loss: 10.968381881713867
INFO     Train epoch: 0 step: 27 Tokens seen: 3456 Train Loss: 10.904850006103516
INFO     Train epoch: 0 step: 28 Tokens seen: 3584 Train Loss: 10.931575775146484
INFO     Train epoch: 0 step: 29 Tokens seen: 3712 Train Loss: 10.775866508483887
INFO     Train epoch: 0 step: 30 Tokens seen: 3840 Train Loss: 11.05758285522461
INFO     Train epoch: 0 step: 31 Tokens seen: 3968 Train Loss: 10.84671401977539
INFO     Train epoch: 0 step: 32 Tokens seen: 4096 Train Loss: 10.883096694946289
INFO     Train epoch: 0 step: 33 Tokens seen: 4224 Train Loss: 10.973837852478027
INFO     Train epoch: 0 step: 34 Tokens seen: 4352 Train Loss: 10.955072402954102
INFO     Train epoch: 0 step: 35 Tokens seen: 4480 Train Loss: 10.744840621948242
INFO     Train epoch: 0 step: 36 Tokens seen: 4608 Train Loss: 10.743840217590332
INFO     Train epoch: 0 step: 37 Tokens seen: 4736 Train Loss: 10.679553985595703
INFO     Train epoch: 0 step: 38 Tokens seen: 4864 Train Loss: 11.045473098754883
INFO     Train epoch: 0 step: 39 Tokens seen: 4992 Train Loss: 10.900897979736328
INFO     Train epoch: 0 step: 40 Tokens seen: 5120 Train Loss: 10.870168685913086
INFO     Train epoch: 0 step: 41 Tokens seen: 5248 Train Loss: 10.696279525756836
INFO     Train epoch: 0 step: 42 Tokens seen: 5376 Train Loss: 11.03349494934082
INFO     Train epoch: 0 step: 43 Tokens seen: 5504 Train Loss: 10.963727951049805
INFO     Train epoch: 0 step: 44 Tokens seen: 5632 Train Loss: 11.014410018920898
INFO     Train epoch: 0 step: 45 Tokens seen: 5760 Train Loss: 10.751933097839355
INFO     Train epoch: 0 step: 46 Tokens seen: 5888 Train Loss: 11.016154289245605
INFO     Train epoch: 0 step: 47 Tokens seen: 6016 Train Loss: 10.795516014099121
INFO     Train epoch: 0 step: 48 Tokens seen: 6144 Train Loss: 10.721028327941895
INFO     Train epoch: 0 step: 49 Tokens seen: 6272 Train Loss: 10.832656860351562
INFO     Train epoch: 0 step: 50 Tokens seen: 6400 Train Loss: 10.665488243103027
INFO     Train epoch: 0 step: 51 Tokens seen: 6528 Train Loss: 10.904041290283203
INFO     Train epoch: 0 step: 52 Tokens seen: 6656 Train Loss: 10.813020706176758
INFO     Train epoch: 0 step: 53 Tokens seen: 6784 Train Loss: 10.685138702392578
INFO     Train epoch: 0 step: 54 Tokens seen: 6912 Train Loss: 10.663487434387207
INFO     Train epoch: 0 step: 55 Tokens seen: 7040 Train Loss: 10.846464157104492
INFO     Train epoch: 0 step: 56 Tokens seen: 7168 Train Loss: 10.616716384887695
INFO     Train epoch: 0 step: 57 Tokens seen: 7296 Train Loss: 10.656167984008789
INFO     Train epoch: 0 step: 58 Tokens seen: 7424 Train Loss: 10.882863998413086
INFO     Train epoch: 0 step: 59 Tokens seen: 7552 Train Loss: 10.654529571533203
INFO     Train epoch: 0 step: 60 Tokens seen: 7680 Train Loss: 10.85540771484375
INFO     Train epoch: 0 step: 61 Tokens seen: 7808 Train Loss: 10.793244361877441
INFO     Train epoch: 0 step: 62 Tokens seen: 7936 Train Loss: 10.877450942993164
INFO     Train epoch: 0 step: 63 Tokens seen: 8064 Train Loss: 10.638625144958496
INFO     Train epoch: 0 step: 64 Tokens seen: 8192 Train Loss: 10.802518844604492
INFO     Train epoch: 0 step: 65 Tokens seen: 8320 Train Loss: 10.717406272888184
INFO     Train epoch: 0 step: 66 Tokens seen: 8448 Train Loss: 10.740570068359375
INFO     Train epoch: 0 step: 67 Tokens seen: 8576 Train Loss: 10.652261734008789
INFO     Train epoch: 0 step: 68 Tokens seen: 8704 Train Loss: 10.761048316955566
INFO     Train epoch: 0 step: 69 Tokens seen: 8832 Train Loss: 10.64853572845459
INFO     Train epoch: 0 step: 70 Tokens seen: 8960 Train Loss: 10.825798034667969
INFO     Train epoch: 0 step: 71 Tokens seen: 9088 Train Loss: 11.25460147857666
INFO     Train epoch: 0 step: 72 Tokens seen: 9216 Train Loss: 10.785378456115723
INFO     Train epoch: 0 step: 73 Tokens seen: 9344 Train Loss: 10.641243934631348
INFO     Train epoch: 0 step: 74 Tokens seen: 9472 Train Loss: 10.746526718139648
INFO     Train epoch: 0 step: 75 Tokens seen: 9600 Train Loss: 10.786667823791504
INFO     Train epoch: 0 step: 76 Tokens seen: 9728 Train Loss: 10.445076942443848
INFO     Train epoch: 0 step: 77 Tokens seen: 9856 Train Loss: 10.677384376525879
INFO     Train epoch: 0 step: 78 Tokens seen: 9984 Train Loss: 10.572918891906738
INFO     Train epoch: 0 step: 79 Tokens seen: 10112 Train Loss: 10.716941833496094
INFO     Train epoch: 0 step: 80 Tokens seen: 10240 Train Loss: 10.719653129577637
INFO     Train epoch: 0 step: 81 Tokens seen: 10368 Train Loss: 10.591588020324707
INFO     Train epoch: 0 step: 82 Tokens seen: 10496 Train Loss: 10.893442153930664
INFO     Train epoch: 0 step: 83 Tokens seen: 10624 Train Loss: 10.3697509765625
INFO     Train epoch: 0 step: 84 Tokens seen: 10752 Train Loss: 10.642617225646973
INFO     Train epoch: 0 step: 85 Tokens seen: 10880 Train Loss: 10.837037086486816
INFO     Train epoch: 0 step: 86 Tokens seen: 11008 Train Loss: 10.845733642578125
INFO     Train epoch: 0 step: 87 Tokens seen: 11136 Train Loss: 10.811450958251953
INFO     Train epoch: 0 step: 88 Tokens seen: 11264 Train Loss: 10.5855712890625
INFO     Train epoch: 0 step: 89 Tokens seen: 11392 Train Loss: 10.462445259094238
INFO     Train epoch: 0 step: 90 Tokens seen: 11520 Train Loss: 10.746020317077637
INFO     Train epoch: 0 step: 91 Tokens seen: 11648 Train Loss: 10.999927520751953
INFO     Train epoch: 0 step: 92 Tokens seen: 11776 Train Loss: 10.54587459564209
INFO     Train epoch: 0 step: 93 Tokens seen: 11904 Train Loss: 10.367579460144043
INFO     Train epoch: 0 step: 94 Tokens seen: 12032 Train Loss: 10.548248291015625
INFO     Train epoch: 0 step: 95 Tokens seen: 12160 Train Loss: 10.830398559570312
INFO     Train epoch: 0 step: 96 Tokens seen: 12288 Train Loss: 10.531268119812012
INFO     Train epoch: 0 step: 97 Tokens seen: 12416 Train Loss: 10.592798233032227
INFO     Train epoch: 0 step: 98 Tokens seen: 12544 Train Loss: 10.563604354858398
INFO     Train epoch: 0 step: 99 Tokens seen: 12672 Train Loss: 10.54088306427002
INFO     Train epoch: 0 step: 100 Tokens seen: 12800 Train Loss: 10.475220680236816
INFO     Checkpoint Saved | Train loss: 10.475220680236816 | Eval loss: None
INFO     Train epoch: 0 step: 101 Tokens seen: 12928 Train Loss: 10.652082443237305
INFO     Train epoch: 0 step: 102 Tokens seen: 13056 Train Loss: 10.64255142211914
INFO     Train epoch: 0 step: 103 Tokens seen: 13184 Train Loss: 10.505138397216797
INFO     Train epoch: 0 step: 104 Tokens seen: 13312 Train Loss: 10.4505615234375
INFO     Train epoch: 0 step: 105 Tokens seen: 13440 Train Loss: 10.484077453613281
INFO     Train epoch: 0 step: 106 Tokens seen: 13568 Train Loss: 10.527222633361816
INFO     Train epoch: 0 step: 107 Tokens seen: 13696 Train Loss: 10.836637496948242
INFO     Train epoch: 0 step: 108 Tokens seen: 13824 Train Loss: 10.49831771850586
INFO     Train epoch: 0 step: 109 Tokens seen: 13952 Train Loss: 10.572261810302734
INFO     Train epoch: 0 step: 110 Tokens seen: 14080 Train Loss: 10.6008882522583
INFO     Train epoch: 0 step: 111 Tokens seen: 14208 Train Loss: 10.565945625305176
INFO     Train epoch: 0 step: 112 Tokens seen: 14336 Train Loss: 10.466917037963867
INFO     Train epoch: 0 step: 113 Tokens seen: 14464 Train Loss: 10.587258338928223
INFO     Train epoch: 0 step: 114 Tokens seen: 14592 Train Loss: 10.62764835357666
INFO     Train epoch: 0 step: 115 Tokens seen: 14720 Train Loss: 10.230401992797852
INFO     Train epoch: 0 step: 116 Tokens seen: 14848 Train Loss: 10.62944507598877
INFO     Train epoch: 0 step: 117 Tokens seen: 14976 Train Loss: 10.422242164611816
INFO     Train epoch: 0 step: 118 Tokens seen: 15104 Train Loss: 10.696466445922852
INFO     Train epoch: 0 step: 119 Tokens seen: 15232 Train Loss: 10.578694343566895
INFO     Train epoch: 0 step: 120 Tokens seen: 15360 Train Loss: 10.501959800720215
INFO     Train epoch: 0 step: 121 Tokens seen: 15488 Train Loss: 10.560564994812012
INFO     Train epoch: 0 step: 122 Tokens seen: 15616 Train Loss: 10.599482536315918
INFO     Train epoch: 0 step: 123 Tokens seen: 15744 Train Loss: 10.627683639526367
INFO     Train epoch: 0 step: 124 Tokens seen: 15872 Train Loss: 10.62965202331543
INFO     Train epoch: 0 step: 125 Tokens seen: 16000 Train Loss: 10.380514144897461
INFO     Train epoch: 0 step: 126 Tokens seen: 16128 Train Loss: 10.612319946289062
INFO     Train epoch: 0 step: 127 Tokens seen: 16256 Train Loss: 10.441670417785645
INFO     Train epoch: 0 step: 128 Tokens seen: 16384 Train Loss: 10.386310577392578
INFO     Model is compiled!
INFO     Train epoch: 0 step: 1 Tokens seen: 128 Train Loss: 10.79011344909668
INFO     Train epoch: 0 step: 2 Tokens seen: 256 Train Loss: 10.857390403747559
INFO     Train epoch: 0 step: 3 Tokens seen: 384 Train Loss: 11.26196575164795
INFO     Train epoch: 0 step: 4 Tokens seen: 512 Train Loss: 10.902642250061035
INFO     Train epoch: 0 step: 5 Tokens seen: 640 Train Loss: 10.714712142944336
INFO     Train epoch: 0 step: 6 Tokens seen: 768 Train Loss: 10.866768836975098
INFO     Train epoch: 0 step: 7 Tokens seen: 896 Train Loss: 10.952802658081055
INFO     Train epoch: 0 step: 8 Tokens seen: 1024 Train Loss: 10.590194702148438
INFO     Train epoch: 0 step: 9 Tokens seen: 1152 Train Loss: 10.7504243850708
INFO     Train epoch: 0 step: 10 Tokens seen: 1280 Train Loss: 10.932705879211426
INFO     Train epoch: 0 step: 11 Tokens seen: 1408 Train Loss: 10.701546669006348
INFO     Train epoch: 0 step: 12 Tokens seen: 1536 Train Loss: 10.824169158935547
INFO     Train epoch: 0 step: 13 Tokens seen: 1664 Train Loss: 10.867944717407227
INFO     Train epoch: 0 step: 14 Tokens seen: 1792 Train Loss: 11.00912857055664
INFO     Train epoch: 0 step: 15 Tokens seen: 1920 Train Loss: 10.713420867919922
INFO     Train epoch: 0 step: 16 Tokens seen: 2048 Train Loss: 10.792520523071289
INFO     Train epoch: 0 step: 17 Tokens seen: 2176 Train Loss: 10.932398796081543
INFO     Train epoch: 0 step: 18 Tokens seen: 2304 Train Loss: 10.902872085571289
INFO     Train epoch: 0 step: 19 Tokens seen: 2432 Train Loss: 10.763214111328125
INFO     Train epoch: 0 step: 20 Tokens seen: 2560 Train Loss: 10.689163208007812
INFO     Train epoch: 0 step: 21 Tokens seen: 2688 Train Loss: 10.703221321105957
INFO     Train epoch: 0 step: 22 Tokens seen: 2816 Train Loss: 10.857505798339844
INFO     Train epoch: 0 step: 23 Tokens seen: 2944 Train Loss: 10.552817344665527
INFO     Train epoch: 0 step: 24 Tokens seen: 3072 Train Loss: 10.97871208190918
INFO     Train epoch: 0 step: 25 Tokens seen: 3200 Train Loss: 10.988590240478516
INFO     Train epoch: 0 step: 26 Tokens seen: 3328 Train Loss: 10.958074569702148
INFO     Train epoch: 0 step: 27 Tokens seen: 3456 Train Loss: 10.686595916748047
INFO     Train epoch: 0 step: 28 Tokens seen: 3584 Train Loss: 10.688465118408203
INFO     Train epoch: 0 step: 29 Tokens seen: 3712 Train Loss: 10.82347297668457
INFO     Train epoch: 0 step: 30 Tokens seen: 3840 Train Loss: 10.94177532196045
INFO     Train epoch: 0 step: 31 Tokens seen: 3968 Train Loss: 10.658329010009766
INFO     Train epoch: 0 step: 32 Tokens seen: 4096 Train Loss: 10.72469711303711
INFO     Train epoch: 0 step: 33 Tokens seen: 4224 Train Loss: 11.039372444152832
INFO     Train epoch: 0 step: 34 Tokens seen: 4352 Train Loss: 10.432043075561523
INFO     Train epoch: 0 step: 35 Tokens seen: 4480 Train Loss: 10.498892784118652
INFO     Train epoch: 0 step: 36 Tokens seen: 4608 Train Loss: 10.810322761535645
INFO     Train epoch: 0 step: 37 Tokens seen: 4736 Train Loss: 10.849190711975098
INFO     Train epoch: 0 step: 38 Tokens seen: 4864 Train Loss: 10.815242767333984
INFO     Train epoch: 0 step: 39 Tokens seen: 4992 Train Loss: 10.573493003845215
INFO     Train epoch: 0 step: 40 Tokens seen: 5120 Train Loss: 10.88221549987793
INFO     Train epoch: 0 step: 41 Tokens seen: 5248 Train Loss: 10.756805419921875
INFO     Train epoch: 0 step: 42 Tokens seen: 5376 Train Loss: 10.571499824523926
INFO     Train epoch: 0 step: 43 Tokens seen: 5504 Train Loss: 10.835460662841797
INFO     Train epoch: 0 step: 44 Tokens seen: 5632 Train Loss: 10.790855407714844
INFO     Train epoch: 0 step: 45 Tokens seen: 5760 Train Loss: 10.832810401916504
INFO     Train epoch: 0 step: 46 Tokens seen: 5888 Train Loss: 10.689726829528809
INFO     Train epoch: 0 step: 47 Tokens seen: 6016 Train Loss: 10.699573516845703
INFO     Train epoch: 0 step: 48 Tokens seen: 6144 Train Loss: 10.725481986999512
INFO     Train epoch: 0 step: 49 Tokens seen: 6272 Train Loss: 10.341460227966309
INFO     Train epoch: 0 step: 50 Tokens seen: 6400 Train Loss: 10.786199569702148
INFO     Eval Step: 50 Tokens seen: 6400 Val Loss : 10.695700083023462
INFO     Train epoch: 0 step: 51 Tokens seen: 6528 Train Loss: 10.428731918334961
INFO     Train epoch: 0 step: 52 Tokens seen: 6656 Train Loss: 10.652482032775879
INFO     Train epoch: 0 step: 53 Tokens seen: 6784 Train Loss: 10.777521133422852
INFO     Train epoch: 0 step: 54 Tokens seen: 6912 Train Loss: 10.716670036315918
INFO     Train epoch: 0 step: 55 Tokens seen: 7040 Train Loss: 10.618729591369629
INFO     Train epoch: 0 step: 56 Tokens seen: 7168 Train Loss: 10.880780220031738
INFO     Train epoch: 0 step: 57 Tokens seen: 7296 Train Loss: 10.791144371032715
INFO     Train epoch: 0 step: 58 Tokens seen: 7424 Train Loss: 10.6497220993042
INFO     Train epoch: 0 step: 59 Tokens seen: 7552 Train Loss: 10.723505020141602
INFO     Train epoch: 0 step: 60 Tokens seen: 7680 Train Loss: 10.325248718261719
INFO     Train epoch: 0 step: 61 Tokens seen: 7808 Train Loss: 10.649378776550293
INFO     Train epoch: 0 step: 62 Tokens seen: 7936 Train Loss: 10.598700523376465
INFO     Train epoch: 0 step: 63 Tokens seen: 8064 Train Loss: 10.544473648071289
INFO     Train epoch: 0 step: 64 Tokens seen: 8192 Train Loss: 10.722125053405762
INFO     Train epoch: 0 step: 65 Tokens seen: 8320 Train Loss: 10.480693817138672
INFO     Train epoch: 0 step: 66 Tokens seen: 8448 Train Loss: 10.605997085571289
INFO     Train epoch: 0 step: 67 Tokens seen: 8576 Train Loss: 10.808016777038574
INFO     Train epoch: 0 step: 68 Tokens seen: 8704 Train Loss: 10.441462516784668
INFO     Train epoch: 0 step: 69 Tokens seen: 8832 Train Loss: 10.383918762207031
INFO     Train epoch: 0 step: 70 Tokens seen: 8960 Train Loss: 10.852529525756836
INFO     Train epoch: 0 step: 71 Tokens seen: 9088 Train Loss: 10.735811233520508
INFO     Train epoch: 0 step: 72 Tokens seen: 9216 Train Loss: 10.525206565856934
INFO     Train epoch: 0 step: 73 Tokens seen: 9344 Train Loss: 10.498781204223633
INFO     Train epoch: 0 step: 74 Tokens seen: 9472 Train Loss: 10.51736068725586
INFO     Train epoch: 0 step: 75 Tokens seen: 9600 Train Loss: 10.589372634887695
INFO     Train epoch: 0 step: 76 Tokens seen: 9728 Train Loss: 10.593481063842773
INFO     Train epoch: 0 step: 77 Tokens seen: 9856 Train Loss: 10.739882469177246
INFO     Train epoch: 0 step: 78 Tokens seen: 9984 Train Loss: 10.479836463928223
INFO     Train epoch: 0 step: 79 Tokens seen: 10112 Train Loss: 10.471970558166504
INFO     Train epoch: 0 step: 80 Tokens seen: 10240 Train Loss: 10.537044525146484
INFO     Train epoch: 0 step: 81 Tokens seen: 10368 Train Loss: 10.484247207641602
INFO     Train epoch: 0 step: 82 Tokens seen: 10496 Train Loss: 10.372588157653809
INFO     Train epoch: 0 step: 83 Tokens seen: 10624 Train Loss: 10.605083465576172
INFO     Train epoch: 0 step: 84 Tokens seen: 10752 Train Loss: 10.56959056854248
INFO     Train epoch: 0 step: 85 Tokens seen: 10880 Train Loss: 10.444750785827637
INFO     Train epoch: 0 step: 86 Tokens seen: 11008 Train Loss: 10.402511596679688
INFO     Train epoch: 0 step: 87 Tokens seen: 11136 Train Loss: 10.608729362487793
INFO     Train epoch: 0 step: 88 Tokens seen: 11264 Train Loss: 10.446043968200684
INFO     Train epoch: 0 step: 89 Tokens seen: 11392 Train Loss: 10.541996955871582
INFO     Train epoch: 0 step: 90 Tokens seen: 11520 Train Loss: 10.359780311584473
INFO     Train epoch: 0 step: 91 Tokens seen: 11648 Train Loss: 10.415329933166504
INFO     Train epoch: 0 step: 92 Tokens seen: 11776 Train Loss: 10.17199420928955
INFO     Train epoch: 0 step: 93 Tokens seen: 11904 Train Loss: 10.526240348815918
INFO     Train epoch: 0 step: 94 Tokens seen: 12032 Train Loss: 10.50207805633545
INFO     Train epoch: 0 step: 95 Tokens seen: 12160 Train Loss: 10.64000415802002
INFO     Train epoch: 0 step: 96 Tokens seen: 12288 Train Loss: 10.32951831817627
INFO     Train epoch: 0 step: 97 Tokens seen: 12416 Train Loss: 10.314573287963867
INFO     Train epoch: 0 step: 98 Tokens seen: 12544 Train Loss: 10.748401641845703
INFO     Train epoch: 0 step: 99 Tokens seen: 12672 Train Loss: 10.340241432189941
INFO     Train epoch: 0 step: 100 Tokens seen: 12800 Train Loss: 10.152100563049316
INFO     Eval Step: 100 Tokens seen: 12800 Val Loss : 10.406433667892065
INFO     Checkpoint Saved | Train loss: 10.152100563049316 | Eval loss: 10.406433667892065
INFO     Train epoch: 0 step: 101 Tokens seen: 12928 Train Loss: 10.500839233398438
INFO     Train epoch: 0 step: 102 Tokens seen: 13056 Train Loss: 10.4784574508667
INFO     Train epoch: 0 step: 103 Tokens seen: 13184 Train Loss: 10.453828811645508
INFO     Train epoch: 0 step: 104 Tokens seen: 13312 Train Loss: 10.579182624816895
INFO     Train epoch: 0 step: 105 Tokens seen: 13440 Train Loss: 10.374711036682129
INFO     Train epoch: 0 step: 106 Tokens seen: 13568 Train Loss: 10.001954078674316
INFO     Train epoch: 0 step: 107 Tokens seen: 13696 Train Loss: 10.513935089111328
INFO     Train epoch: 0 step: 108 Tokens seen: 13824 Train Loss: 10.786249160766602
INFO     Train epoch: 0 step: 109 Tokens seen: 13952 Train Loss: 10.565528869628906
INFO     Train epoch: 0 step: 110 Tokens seen: 14080 Train Loss: 10.232256889343262
INFO     Train epoch: 0 step: 111 Tokens seen: 14208 Train Loss: 10.278568267822266
INFO     Train epoch: 0 step: 112 Tokens seen: 14336 Train Loss: 10.497325897216797
INFO     Train epoch: 0 step: 113 Tokens seen: 14464 Train Loss: 10.421467781066895
INFO     Train epoch: 0 step: 114 Tokens seen: 14592 Train Loss: 10.279269218444824
INFO     Train epoch: 0 step: 115 Tokens seen: 14720 Train Loss: 10.221742630004883
INFO     Train epoch: 0 step: 116 Tokens seen: 14848 Train Loss: 10.54966926574707
INFO     Train epoch: 0 step: 117 Tokens seen: 14976 Train Loss: 10.258281707763672
INFO     Train epoch: 0 step: 118 Tokens seen: 15104 Train Loss: 10.088723182678223
INFO     Train epoch: 0 step: 119 Tokens seen: 15232 Train Loss: 10.204765319824219
INFO     Train epoch: 0 step: 120 Tokens seen: 15360 Train Loss: 10.32895278930664
INFO     Train epoch: 0 step: 121 Tokens seen: 15488 Train Loss: 10.174589157104492
INFO     Train epoch: 0 step: 122 Tokens seen: 15616 Train Loss: 10.355558395385742
INFO     Train epoch: 0 step: 123 Tokens seen: 15744 Train Loss: 10.319971084594727
INFO     Train epoch: 0 step: 124 Tokens seen: 15872 Train Loss: 10.563661575317383
INFO     Train epoch: 0 step: 125 Tokens seen: 16000 Train Loss: 10.046527862548828
INFO     Train epoch: 0 step: 126 Tokens seen: 16128 Train Loss: 10.217642784118652
INFO     Train epoch: 0 step: 127 Tokens seen: 16256 Train Loss: 9.861675262451172
INFO     Train epoch: 0 step: 128 Tokens seen: 16384 Train Loss: 10.32696533203125
INFO     Train epoch: 0 step: 129 Tokens seen: 16512 Train Loss: 10.275985717773438
INFO     Train epoch: 0 step: 130 Tokens seen: 16640 Train Loss: 10.42403793334961
INFO     Train epoch: 0 step: 131 Tokens seen: 16768 Train Loss: 10.055770874023438
INFO     Train epoch: 0 step: 132 Tokens seen: 16896 Train Loss: 10.3600435256958
INFO     Train epoch: 0 step: 133 Tokens seen: 17024 Train Loss: 10.25689697265625
INFO     Train epoch: 0 step: 134 Tokens seen: 17152 Train Loss: 10.53834342956543
INFO     Train epoch: 0 step: 135 Tokens seen: 17280 Train Loss: 10.498616218566895
INFO     Train epoch: 0 step: 136 Tokens seen: 17408 Train Loss: 10.521111488342285
INFO     Train epoch: 0 step: 137 Tokens seen: 17536 Train Loss: 10.060297966003418
INFO     Train epoch: 0 step: 138 Tokens seen: 17664 Train Loss: 10.46334457397461
INFO     Train epoch: 0 step: 139 Tokens seen: 17792 Train Loss: 10.593738555908203
INFO     Train epoch: 0 step: 140 Tokens seen: 17920 Train Loss: 10.31152057647705
INFO     Train epoch: 0 step: 141 Tokens seen: 18048 Train Loss: 10.278820037841797
INFO     Train epoch: 0 step: 142 Tokens seen: 18176 Train Loss: 10.086796760559082
INFO     Train epoch: 0 step: 143 Tokens seen: 18304 Train Loss: 10.315367698669434
INFO     Train epoch: 0 step: 144 Tokens seen: 18432 Train Loss: 10.59553050994873
INFO     Train epoch: 0 step: 145 Tokens seen: 18560 Train Loss: 10.005255699157715
INFO     Train epoch: 0 step: 146 Tokens seen: 18688 Train Loss: 10.138388633728027
INFO     Train epoch: 0 step: 147 Tokens seen: 18816 Train Loss: 10.170393943786621
INFO     Train epoch: 0 step: 148 Tokens seen: 18944 Train Loss: 10.279082298278809
INFO     Train epoch: 0 step: 149 Tokens seen: 19072 Train Loss: 10.737531661987305
INFO     Train epoch: 0 step: 150 Tokens seen: 19200 Train Loss: 10.409858703613281
INFO     Eval Step: 150 Tokens seen: 19200 Val Loss : 10.211985441354605
INFO     Train epoch: 0 step: 151 Tokens seen: 19328 Train Loss: 10.473767280578613
INFO     Train epoch: 0 step: 152 Tokens seen: 19456 Train Loss: 10.33659839630127
INFO     Train epoch: 0 step: 153 Tokens seen: 19584 Train Loss: 9.979351997375488
INFO     Train epoch: 0 step: 154 Tokens seen: 19712 Train Loss: 10.113458633422852
INFO     Train epoch: 0 step: 155 Tokens seen: 19840 Train Loss: 9.992527961730957
INFO     Train epoch: 0 step: 156 Tokens seen: 19968 Train Loss: 10.679097175598145
INFO     Train epoch: 0 step: 157 Tokens seen: 20096 Train Loss: 10.035595893859863
INFO     Train epoch: 0 step: 158 Tokens seen: 20224 Train Loss: 9.804868698120117
INFO     Train epoch: 0 step: 159 Tokens seen: 20352 Train Loss: 9.986788749694824
INFO     Train epoch: 0 step: 160 Tokens seen: 20480 Train Loss: 10.451191902160645
INFO     Train epoch: 0 step: 161 Tokens seen: 20608 Train Loss: 9.884519577026367
INFO     Train epoch: 0 step: 162 Tokens seen: 20736 Train Loss: 10.019244194030762
INFO     Train epoch: 0 step: 163 Tokens seen: 20864 Train Loss: 9.909326553344727
INFO     Train epoch: 0 step: 164 Tokens seen: 20992 Train Loss: 10.118208885192871
INFO     Train epoch: 0 step: 165 Tokens seen: 21120 Train Loss: 10.141387939453125
INFO     Train epoch: 0 step: 166 Tokens seen: 21248 Train Loss: 9.943922996520996
INFO     Train epoch: 0 step: 167 Tokens seen: 21376 Train Loss: 10.34494686126709
INFO     Train epoch: 0 step: 168 Tokens seen: 21504 Train Loss: 10.102323532104492
INFO     Train epoch: 0 step: 169 Tokens seen: 21632 Train Loss: 9.801117897033691
INFO     Train epoch: 0 step: 170 Tokens seen: 21760 Train Loss: 10.082539558410645
INFO     Train epoch: 0 step: 171 Tokens seen: 21888 Train Loss: 10.200910568237305
INFO     Train epoch: 0 step: 172 Tokens seen: 22016 Train Loss: 10.218179702758789
INFO     Train epoch: 0 step: 173 Tokens seen: 22144 Train Loss: 10.047773361206055
INFO     Train epoch: 0 step: 174 Tokens seen: 22272 Train Loss: 9.867459297180176
INFO     Train epoch: 0 step: 175 Tokens seen: 22400 Train Loss: 10.05986213684082
INFO     Train epoch: 0 step: 176 Tokens seen: 22528 Train Loss: 10.130119323730469
INFO     Train epoch: 0 step: 177 Tokens seen: 22656 Train Loss: 10.252762794494629
INFO     Train epoch: 0 step: 178 Tokens seen: 22784 Train Loss: 10.126971244812012
INFO     Train epoch: 0 step: 179 Tokens seen: 22912 Train Loss: 10.34508991241455
INFO     Train epoch: 0 step: 180 Tokens seen: 23040 Train Loss: 9.742751121520996
INFO     Train epoch: 0 step: 181 Tokens seen: 23168 Train Loss: 9.96116828918457
INFO     Train epoch: 0 step: 182 Tokens seen: 23296 Train Loss: 9.911081314086914
INFO     Train epoch: 0 step: 183 Tokens seen: 23424 Train Loss: 9.75960636138916
INFO     Train epoch: 0 step: 184 Tokens seen: 23552 Train Loss: 9.910456657409668
INFO     Train epoch: 0 step: 185 Tokens seen: 23680 Train Loss: 9.838910102844238
INFO     Train epoch: 0 step: 186 Tokens seen: 23808 Train Loss: 9.685090065002441
INFO     Train epoch: 0 step: 187 Tokens seen: 23936 Train Loss: 9.780080795288086
INFO     Train epoch: 0 step: 188 Tokens seen: 24064 Train Loss: 9.942034721374512
INFO     Train epoch: 0 step: 189 Tokens seen: 24192 Train Loss: 10.339982032775879
INFO     Train epoch: 0 step: 190 Tokens seen: 24320 Train Loss: 9.733055114746094
INFO     Train epoch: 0 step: 191 Tokens seen: 24448 Train Loss: 10.126648902893066
INFO     Train epoch: 0 step: 192 Tokens seen: 24576 Train Loss: 10.04539680480957
INFO     Train epoch: 0 step: 193 Tokens seen: 24704 Train Loss: 9.627952575683594
INFO     Train epoch: 0 step: 194 Tokens seen: 24832 Train Loss: 10.220056533813477
INFO     Train epoch: 0 step: 195 Tokens seen: 24960 Train Loss: 9.814845085144043
INFO     Train epoch: 0 step: 196 Tokens seen: 25088 Train Loss: 9.761703491210938
INFO     Train epoch: 0 step: 197 Tokens seen: 25216 Train Loss: 9.986478805541992
INFO     Train epoch: 0 step: 198 Tokens seen: 25344 Train Loss: 10.30604076385498
INFO     Train epoch: 0 step: 199 Tokens seen: 25472 Train Loss: 10.121491432189941
INFO     Train epoch: 0 step: 200 Tokens seen: 25600 Train Loss: 9.765987396240234
INFO     Eval Step: 200 Tokens seen: 25600 Val Loss : 9.96318856263772
INFO     Checkpoint Saved | Train loss: 9.765987396240234 | Eval loss: 9.96318856263772
INFO     Train epoch: 0 step: 201 Tokens seen: 25728 Train Loss: 9.946539878845215
INFO     Train epoch: 0 step: 202 Tokens seen: 25856 Train Loss: 10.417963027954102
INFO     Train epoch: 0 step: 203 Tokens seen: 25984 Train Loss: 10.076062202453613
INFO     Train epoch: 0 step: 204 Tokens seen: 26112 Train Loss: 9.686333656311035
INFO     Train epoch: 0 step: 205 Tokens seen: 26240 Train Loss: 9.661269187927246
INFO     Train epoch: 0 step: 206 Tokens seen: 26368 Train Loss: 10.096819877624512
INFO     Train epoch: 0 step: 207 Tokens seen: 26496 Train Loss: 9.93932819366455
INFO     Train epoch: 0 step: 208 Tokens seen: 26624 Train Loss: 10.302164077758789
INFO     Train epoch: 0 step: 209 Tokens seen: 26752 Train Loss: 9.536965370178223
INFO     Train epoch: 0 step: 210 Tokens seen: 26880 Train Loss: 9.9019193649292
INFO     Train epoch: 0 step: 211 Tokens seen: 27008 Train Loss: 9.673148155212402
INFO     Train epoch: 0 step: 212 Tokens seen: 27136 Train Loss: 10.086657524108887
INFO     Train epoch: 0 step: 213 Tokens seen: 27264 Train Loss: 9.906963348388672
INFO     Train epoch: 0 step: 214 Tokens seen: 27392 Train Loss: 10.138508796691895
INFO     Train epoch: 0 step: 215 Tokens seen: 27520 Train Loss: 9.83620548248291
INFO     Train epoch: 0 step: 216 Tokens seen: 27648 Train Loss: 9.775373458862305
INFO     Train epoch: 0 step: 217 Tokens seen: 27776 Train Loss: 9.663471221923828
INFO     Train epoch: 0 step: 218 Tokens seen: 27904 Train Loss: 9.872138023376465
INFO     Train epoch: 0 step: 219 Tokens seen: 28032 Train Loss: 10.073741912841797
INFO     Train epoch: 0 step: 220 Tokens seen: 28160 Train Loss: 9.850682258605957
INFO     Train epoch: 0 step: 221 Tokens seen: 28288 Train Loss: 9.832376480102539
INFO     Train epoch: 0 step: 222 Tokens seen: 28416 Train Loss: 9.66553020477295
INFO     Train epoch: 0 step: 223 Tokens seen: 28544 Train Loss: 9.718385696411133
INFO     Train epoch: 0 step: 224 Tokens seen: 28672 Train Loss: 9.959826469421387
INFO     Train epoch: 0 step: 225 Tokens seen: 28800 Train Loss: 9.26966667175293
INFO     Train epoch: 0 step: 226 Tokens seen: 28928 Train Loss: 10.075937271118164
INFO     Train epoch: 0 step: 227 Tokens seen: 29056 Train Loss: 10.121283531188965
INFO     Train epoch: 0 step: 228 Tokens seen: 29184 Train Loss: 10.034765243530273
INFO     Train epoch: 0 step: 229 Tokens seen: 29312 Train Loss: 9.891561508178711
INFO     Train epoch: 0 step: 230 Tokens seen: 29440 Train Loss: 9.678772926330566
INFO     Train epoch: 0 step: 231 Tokens seen: 29568 Train Loss: 9.708878517150879
INFO     Train epoch: 0 step: 232 Tokens seen: 29696 Train Loss: 10.003898620605469
INFO     Train epoch: 0 step: 233 Tokens seen: 29824 Train Loss: 9.504836082458496
INFO     Train epoch: 0 step: 234 Tokens seen: 29952 Train Loss: 9.488059997558594
INFO     Train epoch: 0 step: 235 Tokens seen: 30080 Train Loss: 9.652447700500488
INFO     Train epoch: 0 step: 236 Tokens seen: 30208 Train Loss: 9.327363014221191
INFO     Train epoch: 0 step: 237 Tokens seen: 30336 Train Loss: 9.568610191345215
INFO     Train epoch: 0 step: 238 Tokens seen: 30464 Train Loss: 9.719854354858398
INFO     Train epoch: 0 step: 239 Tokens seen: 30592 Train Loss: 9.399141311645508
INFO     Train epoch: 0 step: 240 Tokens seen: 30720 Train Loss: 9.488824844360352
INFO     Train epoch: 0 step: 241 Tokens seen: 30848 Train Loss: 9.863930702209473
INFO     Train epoch: 0 step: 242 Tokens seen: 30976 Train Loss: 9.79382038116455
INFO     Train epoch: 0 step: 243 Tokens seen: 31104 Train Loss: 9.832596778869629
INFO     Train epoch: 0 step: 244 Tokens seen: 31232 Train Loss: 9.655733108520508
INFO     Train epoch: 0 step: 245 Tokens seen: 31360 Train Loss: 9.384458541870117
INFO     Train epoch: 0 step: 246 Tokens seen: 31488 Train Loss: 9.611777305603027
INFO     Train epoch: 0 step: 247 Tokens seen: 31616 Train Loss: 9.668983459472656
INFO     Train epoch: 0 step: 248 Tokens seen: 31744 Train Loss: 9.4264554977417
INFO     Train epoch: 0 step: 249 Tokens seen: 31872 Train Loss: 9.704652786254883
INFO     Train epoch: 0 step: 250 Tokens seen: 32000 Train Loss: 9.110673904418945
INFO     Eval Step: 250 Tokens seen: 32000 Val Loss : 9.64875326401148
INFO     Train epoch: 0 step: 251 Tokens seen: 32128 Train Loss: 9.915515899658203
INFO     Train epoch: 0 step: 252 Tokens seen: 32256 Train Loss: 9.512704849243164
INFO     Train epoch: 0 step: 253 Tokens seen: 32384 Train Loss: 9.412094116210938
INFO     Train epoch: 0 step: 254 Tokens seen: 32512 Train Loss: 9.578042030334473
INFO     Train epoch: 0 step: 255 Tokens seen: 32640 Train Loss: 9.741193771362305
INFO     Train epoch: 0 step: 256 Tokens seen: 32768 Train Loss: 9.58203125
INFO     Train epoch: 0 step: 257 Tokens seen: 32896 Train Loss: 9.526549339294434
INFO     Train epoch: 0 step: 258 Tokens seen: 33024 Train Loss: 9.770057678222656
INFO     Train epoch: 0 step: 259 Tokens seen: 33152 Train Loss: 9.300877571105957
INFO     Train epoch: 0 step: 260 Tokens seen: 33280 Train Loss: 9.694498062133789
INFO     Train epoch: 0 step: 261 Tokens seen: 33408 Train Loss: 9.371896743774414
INFO     Train epoch: 0 step: 262 Tokens seen: 33536 Train Loss: 9.707118034362793
INFO     Train epoch: 0 step: 263 Tokens seen: 33664 Train Loss: 9.588563919067383
INFO     Train epoch: 0 step: 264 Tokens seen: 33792 Train Loss: 9.86491584777832
INFO     Train epoch: 0 step: 265 Tokens seen: 33920 Train Loss: 9.337339401245117
INFO     Train epoch: 0 step: 266 Tokens seen: 34048 Train Loss: 9.857807159423828
INFO     Train epoch: 0 step: 267 Tokens seen: 34176 Train Loss: 9.551785469055176
INFO     Train epoch: 0 step: 268 Tokens seen: 34304 Train Loss: 10.031591415405273
INFO     Train epoch: 0 step: 269 Tokens seen: 34432 Train Loss: 9.49754524230957
INFO     Train epoch: 0 step: 270 Tokens seen: 34560 Train Loss: 9.220654487609863
INFO     Train epoch: 0 step: 271 Tokens seen: 34688 Train Loss: 9.550929069519043
INFO     Train epoch: 0 step: 272 Tokens seen: 34816 Train Loss: 9.613987922668457
INFO     Train epoch: 0 step: 273 Tokens seen: 34944 Train Loss: 9.761338233947754
INFO     Train epoch: 0 step: 274 Tokens seen: 35072 Train Loss: 9.016524314880371
INFO     Train epoch: 0 step: 275 Tokens seen: 35200 Train Loss: 9.462504386901855
INFO     Train epoch: 0 step: 276 Tokens seen: 35328 Train Loss: 9.495357513427734
INFO     Train epoch: 0 step: 277 Tokens seen: 35456 Train Loss: 9.687356948852539
INFO     Train epoch: 0 step: 278 Tokens seen: 35584 Train Loss: 10.071798324584961
INFO     Train epoch: 0 step: 279 Tokens seen: 35712 Train Loss: 9.821434020996094
INFO     Train epoch: 0 step: 280 Tokens seen: 35840 Train Loss: 9.887247085571289
INFO     Train epoch: 0 step: 281 Tokens seen: 35968 Train Loss: 9.440169334411621
INFO     Train epoch: 0 step: 282 Tokens seen: 36096 Train Loss: 9.610296249389648
INFO     Train epoch: 0 step: 283 Tokens seen: 36224 Train Loss: 9.258912086486816
INFO     Train epoch: 0 step: 284 Tokens seen: 36352 Train Loss: 9.464938163757324
INFO     Train epoch: 0 step: 285 Tokens seen: 36480 Train Loss: 9.720871925354004
INFO     Train epoch: 0 step: 286 Tokens seen: 36608 Train Loss: 9.136495590209961
INFO     Train epoch: 0 step: 287 Tokens seen: 36736 Train Loss: 9.195317268371582
INFO     Train epoch: 0 step: 288 Tokens seen: 36864 Train Loss: 9.19137191772461
INFO     Train epoch: 0 step: 289 Tokens seen: 36992 Train Loss: 9.778667449951172
INFO     Train epoch: 0 step: 290 Tokens seen: 37120 Train Loss: 9.01862907409668
INFO     Train epoch: 0 step: 291 Tokens seen: 37248 Train Loss: 9.359785079956055
INFO     Train epoch: 0 step: 292 Tokens seen: 37376 Train Loss: 9.083645820617676
INFO     Train epoch: 0 step: 293 Tokens seen: 37504 Train Loss: 9.73401165008545
INFO     Train epoch: 0 step: 294 Tokens seen: 37632 Train Loss: 9.334853172302246
INFO     Train epoch: 0 step: 295 Tokens seen: 37760 Train Loss: 9.214327812194824
INFO     Train epoch: 0 step: 296 Tokens seen: 37888 Train Loss: 9.272103309631348
INFO     Train epoch: 0 step: 297 Tokens seen: 38016 Train Loss: 9.246455192565918
INFO     Train epoch: 0 step: 298 Tokens seen: 38144 Train Loss: 9.424539566040039
INFO     Train epoch: 0 step: 299 Tokens seen: 38272 Train Loss: 9.530342102050781
INFO     Train epoch: 0 step: 300 Tokens seen: 38400 Train Loss: 9.586495399475098
INFO     Eval Step: 300 Tokens seen: 38400 Val Loss : 9.397138864566118
INFO     Checkpoint Saved | Train loss: 9.586495399475098 | Eval loss: 9.397138864566118
INFO     Train epoch: 0 step: 301 Tokens seen: 38528 Train Loss: 9.107715606689453
INFO     Train epoch: 0 step: 302 Tokens seen: 38656 Train Loss: 9.492897987365723
INFO     Train epoch: 0 step: 303 Tokens seen: 38784 Train Loss: 9.27737808227539
INFO     Train epoch: 0 step: 304 Tokens seen: 38912 Train Loss: 9.411264419555664
INFO     Train epoch: 0 step: 305 Tokens seen: 39040 Train Loss: 9.500496864318848
INFO     Train epoch: 0 step: 306 Tokens seen: 39168 Train Loss: 9.05622673034668
INFO     Train epoch: 0 step: 307 Tokens seen: 39296 Train Loss: 9.401095390319824
INFO     Train epoch: 0 step: 308 Tokens seen: 39424 Train Loss: 9.052970886230469
INFO     Train epoch: 0 step: 309 Tokens seen: 39552 Train Loss: 9.396727561950684
INFO     Train epoch: 0 step: 310 Tokens seen: 39680 Train Loss: 9.580653190612793
INFO     Train epoch: 0 step: 311 Tokens seen: 39808 Train Loss: 9.372718811035156
INFO     Train epoch: 0 step: 312 Tokens seen: 39936 Train Loss: 9.33014965057373
INFO     Train epoch: 0 step: 313 Tokens seen: 40064 Train Loss: 9.643686294555664
INFO     Train epoch: 0 step: 314 Tokens seen: 40192 Train Loss: 9.314242362976074
INFO     Train epoch: 0 step: 315 Tokens seen: 40320 Train Loss: 9.433320045471191
INFO     Train epoch: 0 step: 316 Tokens seen: 40448 Train Loss: 9.756503105163574
INFO     Train epoch: 0 step: 317 Tokens seen: 40576 Train Loss: 9.640054702758789
INFO     Train epoch: 0 step: 318 Tokens seen: 40704 Train Loss: 9.102686882019043
INFO     Train epoch: 0 step: 319 Tokens seen: 40832 Train Loss: 9.45083236694336
INFO     Train epoch: 0 step: 320 Tokens seen: 40960 Train Loss: 9.567462921142578
INFO     Train epoch: 0 step: 321 Tokens seen: 41088 Train Loss: 9.617289543151855
INFO     Train epoch: 0 step: 322 Tokens seen: 41216 Train Loss: 8.94631290435791
INFO     Train epoch: 0 step: 323 Tokens seen: 41344 Train Loss: 9.445072174072266
INFO     Train epoch: 0 step: 324 Tokens seen: 41472 Train Loss: 9.672995567321777
INFO     Train epoch: 0 step: 325 Tokens seen: 41600 Train Loss: 8.84049129486084
INFO     Train epoch: 0 step: 326 Tokens seen: 41728 Train Loss: 9.390268325805664
INFO     Train epoch: 0 step: 327 Tokens seen: 41856 Train Loss: 9.424769401550293
INFO     Train epoch: 0 step: 328 Tokens seen: 41984 Train Loss: 9.537137985229492
INFO     Train epoch: 0 step: 329 Tokens seen: 42112 Train Loss: 8.827075958251953
INFO     Train epoch: 0 step: 330 Tokens seen: 42240 Train Loss: 9.293231010437012
INFO     Train epoch: 0 step: 331 Tokens seen: 42368 Train Loss: 9.268136024475098
INFO     Train epoch: 0 step: 332 Tokens seen: 42496 Train Loss: 9.174237251281738
INFO     Train epoch: 0 step: 333 Tokens seen: 42624 Train Loss: 9.469356536865234
INFO     Train epoch: 0 step: 334 Tokens seen: 42752 Train Loss: 8.97314453125
INFO     Train epoch: 0 step: 335 Tokens seen: 42880 Train Loss: 8.975646018981934
INFO     Train epoch: 0 step: 336 Tokens seen: 43008 Train Loss: 9.225746154785156
INFO     Train epoch: 0 step: 337 Tokens seen: 43136 Train Loss: 9.063772201538086
INFO     Train epoch: 0 step: 338 Tokens seen: 43264 Train Loss: 9.223718643188477
INFO     Train epoch: 0 step: 339 Tokens seen: 43392 Train Loss: 9.320172309875488
INFO     Train epoch: 0 step: 340 Tokens seen: 43520 Train Loss: 9.426230430603027
INFO     Train epoch: 0 step: 341 Tokens seen: 43648 Train Loss: 9.216110229492188
INFO     Eval Step: 341 Tokens seen: 43648 Val Loss : 9.19067688477345
INFO     Epoch 0 ended with train loss 2.51625659598633 validation loss 9.19067688477345
INFO     Model is compiled!
INFO     Train epoch: 0 step: 1 Tokens seen: 128 Train Loss: 11.100552558898926
INFO     Train epoch: 0 step: 2 Tokens seen: 256 Train Loss: 11.086316108703613
INFO     Train epoch: 0 step: 3 Tokens seen: 384 Train Loss: 10.955373764038086
INFO     Train epoch: 0 step: 4 Tokens seen: 512 Train Loss: 10.876986503601074
INFO     Train epoch: 0 step: 5 Tokens seen: 640 Train Loss: 11.002056121826172
INFO     Train epoch: 0 step: 6 Tokens seen: 768 Train Loss: 10.771172523498535
INFO     Model is compiled!
INFO     Train epoch: 0 step: 1 Tokens seen: 128 Train Loss: 11.035947799682617
INFO     Train epoch: 0 step: 2 Tokens seen: 256 Train Loss: 11.049622535705566
INFO     Train epoch: 0 step: 3 Tokens seen: 384 Train Loss: 11.033921241760254
INFO     Train epoch: 0 step: 4 Tokens seen: 512 Train Loss: 10.992220878601074
INFO     Train epoch: 0 step: 5 Tokens seen: 640 Train Loss: 10.950831413269043
INFO     Train epoch: 0 step: 6 Tokens seen: 768 Train Loss: 10.926342964172363
INFO     Train epoch: 0 step: 7 Tokens seen: 896 Train Loss: 11.063377380371094
INFO     Train epoch: 0 step: 8 Tokens seen: 1024 Train Loss: 11.083413124084473
INFO     Train epoch: 0 step: 9 Tokens seen: 1152 Train Loss: 11.143850326538086
INFO     Train epoch: 0 step: 10 Tokens seen: 1280 Train Loss: 10.878626823425293
INFO     Train epoch: 0 step: 11 Tokens seen: 1408 Train Loss: 11.11933708190918
INFO     Train epoch: 0 step: 12 Tokens seen: 1536 Train Loss: 10.853602409362793
INFO     Train epoch: 0 step: 13 Tokens seen: 1664 Train Loss: 10.901196479797363
INFO     Train epoch: 0 step: 14 Tokens seen: 1792 Train Loss: 10.791617393493652
INFO     Train epoch: 0 step: 15 Tokens seen: 1920 Train Loss: 11.101737976074219
INFO     Train epoch: 0 step: 16 Tokens seen: 2048 Train Loss: 10.962827682495117
INFO     Train epoch: 0 step: 17 Tokens seen: 2176 Train Loss: 11.002701759338379
INFO     Train epoch: 0 step: 18 Tokens seen: 2304 Train Loss: 10.793787956237793
INFO     Train epoch: 0 step: 19 Tokens seen: 2432 Train Loss: 10.81134033203125
INFO     Train epoch: 0 step: 20 Tokens seen: 2560 Train Loss: 10.915864944458008
INFO     Train epoch: 0 step: 21 Tokens seen: 2688 Train Loss: 10.963279724121094
INFO     Train epoch: 0 step: 22 Tokens seen: 2816 Train Loss: 11.031831741333008
INFO     Train epoch: 0 step: 23 Tokens seen: 2944 Train Loss: 10.914253234863281
INFO     Train epoch: 0 step: 24 Tokens seen: 3072 Train Loss: 10.784296035766602
INFO     Train epoch: 0 step: 25 Tokens seen: 3200 Train Loss: 10.84857177734375
INFO     Train epoch: 0 step: 26 Tokens seen: 3328 Train Loss: 11.018811225891113
INFO     Train epoch: 0 step: 27 Tokens seen: 3456 Train Loss: 10.62194538116455
INFO     Train epoch: 0 step: 28 Tokens seen: 3584 Train Loss: 10.861736297607422
INFO     Train epoch: 0 step: 29 Tokens seen: 3712 Train Loss: 10.98675537109375
INFO     Train epoch: 0 step: 30 Tokens seen: 3840 Train Loss: 11.035736083984375
INFO     Train epoch: 0 step: 31 Tokens seen: 3968 Train Loss: 10.718366622924805
INFO     Train epoch: 0 step: 32 Tokens seen: 4096 Train Loss: 11.039604187011719
INFO     Train epoch: 0 step: 33 Tokens seen: 4224 Train Loss: 10.848472595214844
INFO     Train epoch: 0 step: 34 Tokens seen: 4352 Train Loss: 11.133127212524414
INFO     Train epoch: 0 step: 35 Tokens seen: 4480 Train Loss: 10.857283592224121
INFO     Train epoch: 0 step: 36 Tokens seen: 4608 Train Loss: 10.813708305358887
INFO     Train epoch: 0 step: 37 Tokens seen: 4736 Train Loss: 10.85131549835205
INFO     Train epoch: 0 step: 38 Tokens seen: 4864 Train Loss: 10.849568367004395
INFO     Train epoch: 0 step: 39 Tokens seen: 4992 Train Loss: 10.869812965393066
INFO     Train epoch: 0 step: 40 Tokens seen: 5120 Train Loss: 10.789193153381348
INFO     Train epoch: 0 step: 41 Tokens seen: 5248 Train Loss: 10.953514099121094
INFO     Train epoch: 0 step: 42 Tokens seen: 5376 Train Loss: 10.73544979095459
INFO     Train epoch: 0 step: 43 Tokens seen: 5504 Train Loss: 10.66519546508789
INFO     Train epoch: 0 step: 44 Tokens seen: 5632 Train Loss: 10.736079216003418
INFO     Train epoch: 0 step: 45 Tokens seen: 5760 Train Loss: 10.70000171661377
INFO     Train epoch: 0 step: 46 Tokens seen: 5888 Train Loss: 10.911515235900879
INFO     Train epoch: 0 step: 47 Tokens seen: 6016 Train Loss: 10.906094551086426
INFO     Train epoch: 0 step: 48 Tokens seen: 6144 Train Loss: 10.696271896362305
INFO     Train epoch: 0 step: 49 Tokens seen: 6272 Train Loss: 10.897029876708984
INFO     Train epoch: 0 step: 50 Tokens seen: 6400 Train Loss: 10.639442443847656
INFO     Eval Step: 50 Tokens seen: 6400 Val Loss : 10.82149887084961
INFO     Train epoch: 0 step: 51 Tokens seen: 6528 Train Loss: 10.669051170349121
INFO     Train epoch: 0 step: 52 Tokens seen: 6656 Train Loss: 11.008403778076172
INFO     Train epoch: 0 step: 53 Tokens seen: 6784 Train Loss: 10.669346809387207
INFO     Train epoch: 0 step: 54 Tokens seen: 6912 Train Loss: 10.986659049987793
INFO     Train epoch: 0 step: 55 Tokens seen: 7040 Train Loss: 10.553824424743652
INFO     Train epoch: 0 step: 56 Tokens seen: 7168 Train Loss: 10.69650650024414
INFO     Train epoch: 0 step: 57 Tokens seen: 7296 Train Loss: 10.811920166015625
INFO     Train epoch: 0 step: 58 Tokens seen: 7424 Train Loss: 10.857545852661133
INFO     Train epoch: 0 step: 59 Tokens seen: 7552 Train Loss: 10.67119312286377
INFO     Train epoch: 0 step: 60 Tokens seen: 7680 Train Loss: 10.583276748657227
INFO     Train epoch: 0 step: 61 Tokens seen: 7808 Train Loss: 10.70081615447998
INFO     Train epoch: 0 step: 62 Tokens seen: 7936 Train Loss: 10.497370719909668
INFO     Train epoch: 0 step: 63 Tokens seen: 8064 Train Loss: 10.7987699508667
INFO     Train epoch: 0 step: 64 Tokens seen: 8192 Train Loss: 10.691722869873047
INFO     Train epoch: 0 step: 65 Tokens seen: 8320 Train Loss: 10.393840789794922
INFO     Train epoch: 0 step: 66 Tokens seen: 8448 Train Loss: 10.842766761779785
INFO     Train epoch: 0 step: 67 Tokens seen: 8576 Train Loss: 10.858118057250977
INFO     Train epoch: 0 step: 68 Tokens seen: 8704 Train Loss: 10.791984558105469
INFO     Train epoch: 0 step: 69 Tokens seen: 8832 Train Loss: 10.908357620239258
INFO     Train epoch: 0 step: 70 Tokens seen: 8960 Train Loss: 10.61164379119873
INFO     Train epoch: 0 step: 71 Tokens seen: 9088 Train Loss: 10.653159141540527
INFO     Train epoch: 0 step: 72 Tokens seen: 9216 Train Loss: 10.653084754943848
INFO     Train epoch: 0 step: 73 Tokens seen: 9344 Train Loss: 10.463210105895996
INFO     Train epoch: 0 step: 74 Tokens seen: 9472 Train Loss: 10.559945106506348
INFO     Train epoch: 0 step: 75 Tokens seen: 9600 Train Loss: 10.667384147644043
INFO     Train epoch: 0 step: 76 Tokens seen: 9728 Train Loss: 10.575687408447266
INFO     Train epoch: 0 step: 77 Tokens seen: 9856 Train Loss: 10.835366249084473
INFO     Train epoch: 0 step: 78 Tokens seen: 9984 Train Loss: 10.50418758392334
INFO     Train epoch: 0 step: 79 Tokens seen: 10112 Train Loss: 10.819574356079102
INFO     Train epoch: 0 step: 80 Tokens seen: 10240 Train Loss: 10.633831977844238
INFO     Train epoch: 0 step: 81 Tokens seen: 10368 Train Loss: 10.546725273132324
INFO     Train epoch: 0 step: 82 Tokens seen: 10496 Train Loss: 10.909241676330566
INFO     Train epoch: 0 step: 83 Tokens seen: 10624 Train Loss: 10.485960960388184
INFO     Train epoch: 0 step: 84 Tokens seen: 10752 Train Loss: 10.53176212310791
INFO     Train epoch: 0 step: 85 Tokens seen: 10880 Train Loss: 10.477899551391602
INFO     Train epoch: 0 step: 86 Tokens seen: 11008 Train Loss: 10.691374778747559
INFO     Train epoch: 0 step: 87 Tokens seen: 11136 Train Loss: 10.69397258758545
INFO     Train epoch: 0 step: 88 Tokens seen: 11264 Train Loss: 10.296846389770508
INFO     Train epoch: 0 step: 89 Tokens seen: 11392 Train Loss: 10.518030166625977
INFO     Train epoch: 0 step: 90 Tokens seen: 11520 Train Loss: 10.855069160461426
INFO     Train epoch: 0 step: 91 Tokens seen: 11648 Train Loss: 10.395365715026855
INFO     Train epoch: 0 step: 92 Tokens seen: 11776 Train Loss: 10.815874099731445
INFO     Train epoch: 0 step: 93 Tokens seen: 11904 Train Loss: 10.6168794631958
INFO     Train epoch: 0 step: 94 Tokens seen: 12032 Train Loss: 10.629704475402832
INFO     Train epoch: 0 step: 95 Tokens seen: 12160 Train Loss: 10.799269676208496
INFO     Train epoch: 0 step: 96 Tokens seen: 12288 Train Loss: 10.746883392333984
INFO     Train epoch: 0 step: 97 Tokens seen: 12416 Train Loss: 10.41650676727295
INFO     Train epoch: 0 step: 98 Tokens seen: 12544 Train Loss: 10.696803092956543
INFO     Train epoch: 0 step: 99 Tokens seen: 12672 Train Loss: 10.69562816619873
INFO     Train epoch: 0 step: 100 Tokens seen: 12800 Train Loss: 10.481328010559082
INFO     Eval Step: 100 Tokens seen: 12800 Val Loss : 10.549232287284655
INFO     Checkpoint Saved | Train loss: 10.481328010559082 | Eval loss: 10.549232287284655
INFO     Train epoch: 0 step: 101 Tokens seen: 12928 Train Loss: 10.400378227233887
INFO     Train epoch: 0 step: 102 Tokens seen: 13056 Train Loss: 10.74406909942627
INFO     Train epoch: 0 step: 103 Tokens seen: 13184 Train Loss: 10.564452171325684
INFO     Train epoch: 0 step: 104 Tokens seen: 13312 Train Loss: 10.29703140258789
INFO     Train epoch: 0 step: 105 Tokens seen: 13440 Train Loss: 10.396016120910645
INFO     Train epoch: 0 step: 106 Tokens seen: 13568 Train Loss: 10.60075855255127
INFO     Train epoch: 0 step: 107 Tokens seen: 13696 Train Loss: 10.623747825622559
INFO     Train epoch: 0 step: 108 Tokens seen: 13824 Train Loss: 10.639756202697754
INFO     Train epoch: 0 step: 109 Tokens seen: 13952 Train Loss: 10.44469928741455
INFO     Train epoch: 0 step: 110 Tokens seen: 14080 Train Loss: 10.632124900817871
INFO     Train epoch: 0 step: 111 Tokens seen: 14208 Train Loss: 10.444023132324219
INFO     Train epoch: 0 step: 112 Tokens seen: 14336 Train Loss: 10.664353370666504
INFO     Train epoch: 0 step: 113 Tokens seen: 14464 Train Loss: 10.32772159576416
INFO     Train epoch: 0 step: 114 Tokens seen: 14592 Train Loss: 10.408380508422852
INFO     Train epoch: 0 step: 115 Tokens seen: 14720 Train Loss: 10.275317192077637
INFO     Train epoch: 0 step: 116 Tokens seen: 14848 Train Loss: 10.405835151672363
INFO     Train epoch: 0 step: 117 Tokens seen: 14976 Train Loss: 10.521926879882812
INFO     Train epoch: 0 step: 118 Tokens seen: 15104 Train Loss: 10.330924034118652
INFO     Train epoch: 0 step: 119 Tokens seen: 15232 Train Loss: 10.57148265838623
INFO     Train epoch: 0 step: 120 Tokens seen: 15360 Train Loss: 10.561729431152344
INFO     Train epoch: 0 step: 121 Tokens seen: 15488 Train Loss: 10.540511131286621
INFO     Train epoch: 0 step: 122 Tokens seen: 15616 Train Loss: 10.444934844970703
INFO     Train epoch: 0 step: 123 Tokens seen: 15744 Train Loss: 10.348525047302246
INFO     Train epoch: 0 step: 124 Tokens seen: 15872 Train Loss: 10.590015411376953
INFO     Train epoch: 0 step: 125 Tokens seen: 16000 Train Loss: 10.715448379516602
INFO     Train epoch: 0 step: 126 Tokens seen: 16128 Train Loss: 10.515767097473145
INFO     Train epoch: 0 step: 127 Tokens seen: 16256 Train Loss: 10.580056190490723
INFO     Train epoch: 0 step: 128 Tokens seen: 16384 Train Loss: 10.173542022705078
INFO     Train epoch: 0 step: 129 Tokens seen: 16512 Train Loss: 10.30612564086914
INFO     Train epoch: 0 step: 130 Tokens seen: 16640 Train Loss: 10.429443359375
INFO     Train epoch: 0 step: 131 Tokens seen: 16768 Train Loss: 10.625579833984375
INFO     Train epoch: 0 step: 132 Tokens seen: 16896 Train Loss: 10.48167610168457
INFO     Train epoch: 0 step: 133 Tokens seen: 17024 Train Loss: 10.318861961364746
INFO     Train epoch: 0 step: 134 Tokens seen: 17152 Train Loss: 10.338619232177734
INFO     Train epoch: 0 step: 135 Tokens seen: 17280 Train Loss: 10.393829345703125
INFO     Train epoch: 0 step: 136 Tokens seen: 17408 Train Loss: 10.379997253417969
INFO     Train epoch: 0 step: 137 Tokens seen: 17536 Train Loss: 10.603540420532227
INFO     Train epoch: 0 step: 138 Tokens seen: 17664 Train Loss: 10.538055419921875
INFO     Train epoch: 0 step: 139 Tokens seen: 17792 Train Loss: 10.351977348327637
INFO     Train epoch: 0 step: 140 Tokens seen: 17920 Train Loss: 10.164352416992188
INFO     Train epoch: 0 step: 141 Tokens seen: 18048 Train Loss: 10.334709167480469
INFO     Train epoch: 0 step: 142 Tokens seen: 18176 Train Loss: 10.413209915161133
INFO     Train epoch: 0 step: 143 Tokens seen: 18304 Train Loss: 10.339048385620117
INFO     Train epoch: 0 step: 144 Tokens seen: 18432 Train Loss: 10.499717712402344
INFO     Train epoch: 0 step: 145 Tokens seen: 18560 Train Loss: 10.26766300201416
INFO     Train epoch: 0 step: 146 Tokens seen: 18688 Train Loss: 10.27082347869873
INFO     Train epoch: 0 step: 147 Tokens seen: 18816 Train Loss: 10.382424354553223
INFO     Train epoch: 0 step: 148 Tokens seen: 18944 Train Loss: 10.281808853149414
INFO     Train epoch: 0 step: 149 Tokens seen: 19072 Train Loss: 10.150554656982422
INFO     Train epoch: 0 step: 150 Tokens seen: 19200 Train Loss: 10.22912883758545
INFO     Eval Step: 150 Tokens seen: 19200 Val Loss : 10.269163938669058
INFO     Train epoch: 0 step: 151 Tokens seen: 19328 Train Loss: 10.435189247131348
INFO     Train epoch: 0 step: 152 Tokens seen: 19456 Train Loss: 10.616503715515137
INFO     Train epoch: 0 step: 153 Tokens seen: 19584 Train Loss: 10.528997421264648
INFO     Train epoch: 0 step: 154 Tokens seen: 19712 Train Loss: 10.403388977050781
INFO     Train epoch: 0 step: 155 Tokens seen: 19840 Train Loss: 10.2857666015625
INFO     Train epoch: 0 step: 156 Tokens seen: 19968 Train Loss: 10.385217666625977
INFO     Train epoch: 0 step: 157 Tokens seen: 20096 Train Loss: 10.211956977844238
INFO     Train epoch: 0 step: 158 Tokens seen: 20224 Train Loss: 10.347182273864746
INFO     Train epoch: 0 step: 159 Tokens seen: 20352 Train Loss: 9.931192398071289
INFO     Train epoch: 0 step: 160 Tokens seen: 20480 Train Loss: 10.242465019226074
INFO     Train epoch: 0 step: 161 Tokens seen: 20608 Train Loss: 9.875496864318848
INFO     Train epoch: 0 step: 162 Tokens seen: 20736 Train Loss: 10.225929260253906
INFO     Train epoch: 0 step: 163 Tokens seen: 20864 Train Loss: 10.38251781463623
INFO     Train epoch: 0 step: 164 Tokens seen: 20992 Train Loss: 10.52735424041748
INFO     Train epoch: 0 step: 165 Tokens seen: 21120 Train Loss: 9.874043464660645
INFO     Train epoch: 0 step: 166 Tokens seen: 21248 Train Loss: 10.549561500549316
INFO     Train epoch: 0 step: 167 Tokens seen: 21376 Train Loss: 10.420892715454102
INFO     Train epoch: 0 step: 168 Tokens seen: 21504 Train Loss: 10.454934120178223
INFO     Train epoch: 0 step: 169 Tokens seen: 21632 Train Loss: 10.388141632080078
INFO     Train epoch: 0 step: 170 Tokens seen: 21760 Train Loss: 10.284355163574219
INFO     Train epoch: 0 step: 171 Tokens seen: 21888 Train Loss: 10.144287109375
INFO     Train epoch: 0 step: 172 Tokens seen: 22016 Train Loss: 10.165407180786133
INFO     Train epoch: 0 step: 173 Tokens seen: 22144 Train Loss: 10.21855354309082
INFO     Train epoch: 0 step: 174 Tokens seen: 22272 Train Loss: 10.198481559753418
INFO     Train epoch: 0 step: 175 Tokens seen: 22400 Train Loss: 10.007192611694336
INFO     Train epoch: 0 step: 176 Tokens seen: 22528 Train Loss: 10.351797103881836
INFO     Train epoch: 0 step: 177 Tokens seen: 22656 Train Loss: 10.399191856384277
INFO     Train epoch: 0 step: 178 Tokens seen: 22784 Train Loss: 10.033463478088379
INFO     Train epoch: 0 step: 179 Tokens seen: 22912 Train Loss: 9.884343147277832
INFO     Train epoch: 0 step: 180 Tokens seen: 23040 Train Loss: 10.067158699035645
INFO     Train epoch: 0 step: 181 Tokens seen: 23168 Train Loss: 9.867185592651367
INFO     Train epoch: 0 step: 182 Tokens seen: 23296 Train Loss: 10.042912483215332
INFO     Train epoch: 0 step: 183 Tokens seen: 23424 Train Loss: 10.047623634338379
INFO     Train epoch: 0 step: 184 Tokens seen: 23552 Train Loss: 10.250113487243652
INFO     Train epoch: 0 step: 185 Tokens seen: 23680 Train Loss: 10.1561861038208
INFO     Train epoch: 0 step: 186 Tokens seen: 23808 Train Loss: 10.568401336669922
INFO     Train epoch: 0 step: 187 Tokens seen: 23936 Train Loss: 10.186484336853027
INFO     Train epoch: 0 step: 188 Tokens seen: 24064 Train Loss: 9.74576187133789
INFO     Train epoch: 0 step: 189 Tokens seen: 24192 Train Loss: 9.824674606323242
INFO     Train epoch: 0 step: 190 Tokens seen: 24320 Train Loss: 10.190625190734863
INFO     Train epoch: 0 step: 191 Tokens seen: 24448 Train Loss: 9.841527938842773
INFO     Train epoch: 0 step: 192 Tokens seen: 24576 Train Loss: 10.197183609008789
INFO     Train epoch: 0 step: 193 Tokens seen: 24704 Train Loss: 9.897656440734863
INFO     Train epoch: 0 step: 194 Tokens seen: 24832 Train Loss: 10.102611541748047
INFO     Train epoch: 0 step: 195 Tokens seen: 24960 Train Loss: 10.062478065490723
INFO     Train epoch: 0 step: 196 Tokens seen: 25088 Train Loss: 10.092203140258789
INFO     Train epoch: 0 step: 197 Tokens seen: 25216 Train Loss: 10.200831413269043
INFO     Train epoch: 0 step: 198 Tokens seen: 25344 Train Loss: 10.020100593566895
INFO     Train epoch: 0 step: 199 Tokens seen: 25472 Train Loss: 10.005596160888672
INFO     Train epoch: 0 step: 200 Tokens seen: 25600 Train Loss: 9.94709587097168
INFO     Eval Step: 200 Tokens seen: 25600 Val Loss : 10.065217262659317
INFO     Checkpoint Saved | Train loss: 9.94709587097168 | Eval loss: 10.065217262659317
INFO     Train epoch: 0 step: 201 Tokens seen: 25728 Train Loss: 10.08626651763916
INFO     Train epoch: 0 step: 202 Tokens seen: 25856 Train Loss: 9.844444274902344
INFO     Train epoch: 0 step: 203 Tokens seen: 25984 Train Loss: 10.140473365783691
INFO     Train epoch: 0 step: 204 Tokens seen: 26112 Train Loss: 10.070849418640137
INFO     Train epoch: 0 step: 205 Tokens seen: 26240 Train Loss: 10.211906433105469
INFO     Train epoch: 0 step: 206 Tokens seen: 26368 Train Loss: 10.06332778930664
INFO     Train epoch: 0 step: 207 Tokens seen: 26496 Train Loss: 10.195158958435059
INFO     Train epoch: 0 step: 208 Tokens seen: 26624 Train Loss: 9.76756763458252
INFO     Train epoch: 0 step: 209 Tokens seen: 26752 Train Loss: 10.384011268615723
INFO     Train epoch: 0 step: 210 Tokens seen: 26880 Train Loss: 9.915454864501953
INFO     Train epoch: 0 step: 211 Tokens seen: 27008 Train Loss: 10.12219524383545
INFO     Train epoch: 0 step: 212 Tokens seen: 27136 Train Loss: 10.037436485290527
INFO     Train epoch: 0 step: 213 Tokens seen: 27264 Train Loss: 10.039443969726562
INFO     Train epoch: 0 step: 214 Tokens seen: 27392 Train Loss: 10.060306549072266
INFO     Train epoch: 0 step: 215 Tokens seen: 27520 Train Loss: 9.791153907775879
INFO     Train epoch: 0 step: 216 Tokens seen: 27648 Train Loss: 9.946696281433105
INFO     Train epoch: 0 step: 217 Tokens seen: 27776 Train Loss: 10.161799430847168
INFO     Train epoch: 0 step: 218 Tokens seen: 27904 Train Loss: 9.761170387268066
INFO     Train epoch: 0 step: 219 Tokens seen: 28032 Train Loss: 9.816195487976074
INFO     Train epoch: 0 step: 220 Tokens seen: 28160 Train Loss: 10.211490631103516
INFO     Train epoch: 0 step: 221 Tokens seen: 28288 Train Loss: 9.986995697021484
INFO     Train epoch: 0 step: 222 Tokens seen: 28416 Train Loss: 10.072286605834961
INFO     Train epoch: 0 step: 223 Tokens seen: 28544 Train Loss: 9.931777000427246
INFO     Train epoch: 0 step: 224 Tokens seen: 28672 Train Loss: 9.986138343811035
INFO     Train epoch: 0 step: 225 Tokens seen: 28800 Train Loss: 9.585268020629883
INFO     Train epoch: 0 step: 226 Tokens seen: 28928 Train Loss: 10.00479507446289
INFO     Train epoch: 0 step: 227 Tokens seen: 29056 Train Loss: 9.913117408752441
INFO     Train epoch: 0 step: 228 Tokens seen: 29184 Train Loss: 10.166248321533203
INFO     Train epoch: 0 step: 229 Tokens seen: 29312 Train Loss: 9.740228652954102
INFO     Train epoch: 0 step: 230 Tokens seen: 29440 Train Loss: 9.689659118652344
INFO     Train epoch: 0 step: 231 Tokens seen: 29568 Train Loss: 9.938830375671387
INFO     Train epoch: 0 step: 232 Tokens seen: 29696 Train Loss: 9.671649932861328
INFO     Train epoch: 0 step: 233 Tokens seen: 29824 Train Loss: 9.72823715209961
INFO     Train epoch: 0 step: 234 Tokens seen: 29952 Train Loss: 9.705228805541992
INFO     Train epoch: 0 step: 235 Tokens seen: 30080 Train Loss: 10.077027320861816
INFO     Train epoch: 0 step: 236 Tokens seen: 30208 Train Loss: 9.764867782592773
INFO     Train epoch: 0 step: 237 Tokens seen: 30336 Train Loss: 9.977110862731934
INFO     Train epoch: 0 step: 238 Tokens seen: 30464 Train Loss: 10.050636291503906
INFO     Train epoch: 0 step: 239 Tokens seen: 30592 Train Loss: 9.922505378723145
INFO     Train epoch: 0 step: 240 Tokens seen: 30720 Train Loss: 9.956411361694336
INFO     Train epoch: 0 step: 241 Tokens seen: 30848 Train Loss: 9.708072662353516
INFO     Train epoch: 0 step: 242 Tokens seen: 30976 Train Loss: 9.631464004516602
INFO     Train epoch: 0 step: 243 Tokens seen: 31104 Train Loss: 9.695549011230469
INFO     Train epoch: 0 step: 244 Tokens seen: 31232 Train Loss: 10.109667778015137
INFO     Train epoch: 0 step: 245 Tokens seen: 31360 Train Loss: 10.239501953125
INFO     Train epoch: 0 step: 246 Tokens seen: 31488 Train Loss: 10.112411499023438
INFO     Train epoch: 0 step: 247 Tokens seen: 31616 Train Loss: 9.917404174804688
INFO     Train epoch: 0 step: 248 Tokens seen: 31744 Train Loss: 9.755908966064453
INFO     Train epoch: 0 step: 249 Tokens seen: 31872 Train Loss: 9.885860443115234
INFO     Train epoch: 0 step: 250 Tokens seen: 32000 Train Loss: 10.248747825622559
INFO     Eval Step: 250 Tokens seen: 32000 Val Loss : 9.803765223576473
INFO     Train epoch: 0 step: 251 Tokens seen: 32128 Train Loss: 9.798046112060547
INFO     Train epoch: 0 step: 252 Tokens seen: 32256 Train Loss: 9.900814056396484
INFO     Train epoch: 0 step: 253 Tokens seen: 32384 Train Loss: 10.080785751342773
INFO     Train epoch: 0 step: 254 Tokens seen: 32512 Train Loss: 9.739198684692383
INFO     Train epoch: 0 step: 255 Tokens seen: 32640 Train Loss: 9.490082740783691
INFO     Train epoch: 0 step: 256 Tokens seen: 32768 Train Loss: 9.818449974060059
INFO     Train epoch: 0 step: 257 Tokens seen: 32896 Train Loss: 9.682482719421387
INFO     Train epoch: 0 step: 258 Tokens seen: 33024 Train Loss: 9.772199630737305
INFO     Train epoch: 0 step: 259 Tokens seen: 33152 Train Loss: 9.307618141174316
INFO     Train epoch: 0 step: 260 Tokens seen: 33280 Train Loss: 9.39484691619873
INFO     Train epoch: 0 step: 261 Tokens seen: 33408 Train Loss: 10.175046920776367
INFO     Train epoch: 0 step: 262 Tokens seen: 33536 Train Loss: 9.646770477294922
INFO     Train epoch: 0 step: 263 Tokens seen: 33664 Train Loss: 10.065455436706543
INFO     Train epoch: 0 step: 264 Tokens seen: 33792 Train Loss: 9.718588829040527
INFO     Train epoch: 0 step: 265 Tokens seen: 33920 Train Loss: 9.838165283203125
INFO     Train epoch: 0 step: 266 Tokens seen: 34048 Train Loss: 9.525588035583496
INFO     Train epoch: 0 step: 267 Tokens seen: 34176 Train Loss: 9.871805191040039
INFO     Train epoch: 0 step: 268 Tokens seen: 34304 Train Loss: 9.580632209777832
INFO     Train epoch: 0 step: 269 Tokens seen: 34432 Train Loss: 10.047243118286133
INFO     Train epoch: 0 step: 270 Tokens seen: 34560 Train Loss: 9.833495140075684
INFO     Train epoch: 0 step: 271 Tokens seen: 34688 Train Loss: 9.766960144042969
INFO     Train epoch: 0 step: 272 Tokens seen: 34816 Train Loss: 9.67520809173584
INFO     Train epoch: 0 step: 273 Tokens seen: 34944 Train Loss: 9.764710426330566
INFO     Train epoch: 0 step: 274 Tokens seen: 35072 Train Loss: 9.734148979187012
INFO     Train epoch: 0 step: 275 Tokens seen: 35200 Train Loss: 9.587697982788086
INFO     Train epoch: 0 step: 276 Tokens seen: 35328 Train Loss: 9.843175888061523
INFO     Train epoch: 0 step: 277 Tokens seen: 35456 Train Loss: 9.243810653686523
INFO     Train epoch: 0 step: 278 Tokens seen: 35584 Train Loss: 9.765278816223145
INFO     Train epoch: 0 step: 279 Tokens seen: 35712 Train Loss: 9.335172653198242
INFO     Train epoch: 0 step: 280 Tokens seen: 35840 Train Loss: 9.413402557373047
INFO     Train epoch: 0 step: 281 Tokens seen: 35968 Train Loss: 9.963428497314453
INFO     Train epoch: 0 step: 282 Tokens seen: 36096 Train Loss: 9.711627006530762
INFO     Train epoch: 0 step: 283 Tokens seen: 36224 Train Loss: 9.326284408569336
INFO     Train epoch: 0 step: 284 Tokens seen: 36352 Train Loss: 9.570650100708008
INFO     Train epoch: 0 step: 285 Tokens seen: 36480 Train Loss: 9.645963668823242
INFO     Train epoch: 0 step: 286 Tokens seen: 36608 Train Loss: 9.801517486572266
INFO     Train epoch: 0 step: 287 Tokens seen: 36736 Train Loss: 9.65576171875
INFO     Train epoch: 0 step: 288 Tokens seen: 36864 Train Loss: 9.587054252624512
INFO     Train epoch: 0 step: 289 Tokens seen: 36992 Train Loss: 9.749166488647461
INFO     Train epoch: 0 step: 290 Tokens seen: 37120 Train Loss: 9.989535331726074
INFO     Train epoch: 0 step: 291 Tokens seen: 37248 Train Loss: 9.6458158493042
INFO     Train epoch: 0 step: 292 Tokens seen: 37376 Train Loss: 9.871633529663086
INFO     Train epoch: 0 step: 293 Tokens seen: 37504 Train Loss: 9.643498420715332
INFO     Train epoch: 0 step: 294 Tokens seen: 37632 Train Loss: 9.432944297790527
INFO     Train epoch: 0 step: 295 Tokens seen: 37760 Train Loss: 9.272333145141602
INFO     Train epoch: 0 step: 296 Tokens seen: 37888 Train Loss: 9.688284873962402
INFO     Train epoch: 0 step: 297 Tokens seen: 38016 Train Loss: 9.801045417785645
INFO     Train epoch: 0 step: 298 Tokens seen: 38144 Train Loss: 9.851642608642578
INFO     Train epoch: 0 step: 299 Tokens seen: 38272 Train Loss: 9.59871768951416
INFO     Train epoch: 0 step: 300 Tokens seen: 38400 Train Loss: 9.089921951293945
INFO     Eval Step: 300 Tokens seen: 38400 Val Loss : 9.542684701772837
INFO     Checkpoint Saved | Train loss: 9.089921951293945 | Eval loss: 9.542684701772837
INFO     Train epoch: 0 step: 301 Tokens seen: 38528 Train Loss: 9.687024116516113
INFO     Train epoch: 0 step: 302 Tokens seen: 38656 Train Loss: 9.69533920288086
INFO     Train epoch: 0 step: 303 Tokens seen: 38784 Train Loss: 9.58774471282959
INFO     Train epoch: 0 step: 304 Tokens seen: 38912 Train Loss: 9.199994087219238
INFO     Train epoch: 0 step: 305 Tokens seen: 39040 Train Loss: 9.817151069641113
INFO     Train epoch: 0 step: 306 Tokens seen: 39168 Train Loss: 9.447494506835938
INFO     Train epoch: 0 step: 307 Tokens seen: 39296 Train Loss: 9.426872253417969
INFO     Train epoch: 0 step: 308 Tokens seen: 39424 Train Loss: 10.186046600341797
INFO     Train epoch: 0 step: 309 Tokens seen: 39552 Train Loss: 9.597420692443848
INFO     Train epoch: 0 step: 310 Tokens seen: 39680 Train Loss: 9.312529563903809
INFO     Train epoch: 0 step: 311 Tokens seen: 39808 Train Loss: 9.678561210632324
INFO     Train epoch: 0 step: 312 Tokens seen: 39936 Train Loss: 9.531074523925781
INFO     Train epoch: 0 step: 313 Tokens seen: 40064 Train Loss: 9.847761154174805
INFO     Train epoch: 0 step: 314 Tokens seen: 40192 Train Loss: 9.048744201660156
INFO     Train epoch: 0 step: 315 Tokens seen: 40320 Train Loss: 9.261218070983887
INFO     Train epoch: 0 step: 316 Tokens seen: 40448 Train Loss: 9.636255264282227
INFO     Train epoch: 0 step: 317 Tokens seen: 40576 Train Loss: 9.339593887329102
INFO     Train epoch: 0 step: 318 Tokens seen: 40704 Train Loss: 9.612387657165527
INFO     Train epoch: 0 step: 319 Tokens seen: 40832 Train Loss: 9.275534629821777
INFO     Train epoch: 0 step: 320 Tokens seen: 40960 Train Loss: 9.815895080566406
INFO     Train epoch: 0 step: 321 Tokens seen: 41088 Train Loss: 9.730968475341797
INFO     Train epoch: 0 step: 322 Tokens seen: 41216 Train Loss: 9.03889274597168
INFO     Train epoch: 0 step: 323 Tokens seen: 41344 Train Loss: 9.166057586669922
INFO     Train epoch: 0 step: 324 Tokens seen: 41472 Train Loss: 9.229382514953613
INFO     Train epoch: 0 step: 325 Tokens seen: 41600 Train Loss: 9.604730606079102
INFO     Train epoch: 0 step: 326 Tokens seen: 41728 Train Loss: 9.554798126220703
INFO     Train epoch: 0 step: 327 Tokens seen: 41856 Train Loss: 9.673819541931152
INFO     Train epoch: 0 step: 328 Tokens seen: 41984 Train Loss: 9.45155143737793
INFO     Train epoch: 0 step: 329 Tokens seen: 42112 Train Loss: 9.568260192871094
INFO     Train epoch: 0 step: 330 Tokens seen: 42240 Train Loss: 9.540623664855957
INFO     Train epoch: 0 step: 331 Tokens seen: 42368 Train Loss: 9.320838928222656
INFO     Train epoch: 0 step: 332 Tokens seen: 42496 Train Loss: 9.337190628051758
INFO     Train epoch: 0 step: 333 Tokens seen: 42624 Train Loss: 9.385263442993164
INFO     Train epoch: 0 step: 334 Tokens seen: 42752 Train Loss: 9.28672981262207
INFO     Train epoch: 0 step: 335 Tokens seen: 42880 Train Loss: 9.352712631225586
INFO     Train epoch: 0 step: 336 Tokens seen: 43008 Train Loss: 9.205730438232422
INFO     Train epoch: 0 step: 337 Tokens seen: 43136 Train Loss: 9.224920272827148
INFO     Train epoch: 0 step: 338 Tokens seen: 43264 Train Loss: 9.12868881225586
INFO     Train epoch: 0 step: 339 Tokens seen: 43392 Train Loss: 9.575226783752441
INFO     Train epoch: 0 step: 340 Tokens seen: 43520 Train Loss: 9.307136535644531
INFO     Train epoch: 0 step: 341 Tokens seen: 43648 Train Loss: 9.394269943237305
INFO     Eval Step: 341 Tokens seen: 43648 Val Loss : 9.336085246159481
INFO     Epoch 0 ended with train loss 2.5509604834391575 validation loss 9.336085246159481
INFO     Model is compiled!
INFO     Train epoch: 0 step: 1 Tokens seen: 128 Train Loss: 11.057696342468262
INFO     Train epoch: 0 step: 2 Tokens seen: 256 Train Loss: 11.18406867980957
INFO     Train epoch: 0 step: 3 Tokens seen: 384 Train Loss: 10.846187591552734
INFO     Train epoch: 0 step: 4 Tokens seen: 512 Train Loss: 10.94149398803711
INFO     Train epoch: 0 step: 5 Tokens seen: 640 Train Loss: 10.811624526977539
INFO     Train epoch: 0 step: 6 Tokens seen: 768 Train Loss: 10.80180549621582
INFO     Train epoch: 0 step: 7 Tokens seen: 896 Train Loss: 10.952702522277832
INFO     Train epoch: 0 step: 8 Tokens seen: 1024 Train Loss: 10.838385581970215
INFO     Train epoch: 0 step: 9 Tokens seen: 1152 Train Loss: 10.949930191040039
INFO     Train epoch: 0 step: 10 Tokens seen: 1280 Train Loss: 10.988089561462402
INFO     Train epoch: 0 step: 11 Tokens seen: 1408 Train Loss: 10.975457191467285
INFO     Train epoch: 0 step: 12 Tokens seen: 1536 Train Loss: 11.082563400268555
INFO     Train epoch: 0 step: 13 Tokens seen: 1664 Train Loss: 11.13919448852539
INFO     Train epoch: 0 step: 14 Tokens seen: 1792 Train Loss: 10.841444969177246
INFO     Train epoch: 0 step: 15 Tokens seen: 1920 Train Loss: 11.295060157775879
INFO     Train epoch: 0 step: 16 Tokens seen: 2048 Train Loss: 11.046334266662598
INFO     Train epoch: 0 step: 17 Tokens seen: 2176 Train Loss: 10.921506881713867
INFO     Train epoch: 0 step: 18 Tokens seen: 2304 Train Loss: 10.910116195678711
INFO     Train epoch: 0 step: 19 Tokens seen: 2432 Train Loss: 10.682000160217285
INFO     Train epoch: 0 step: 20 Tokens seen: 2560 Train Loss: 10.877358436584473
INFO     Train epoch: 0 step: 21 Tokens seen: 2688 Train Loss: 10.855988502502441
INFO     Train epoch: 0 step: 22 Tokens seen: 2816 Train Loss: 10.833963394165039
INFO     Train epoch: 0 step: 23 Tokens seen: 2944 Train Loss: 10.93250846862793
INFO     Train epoch: 0 step: 24 Tokens seen: 3072 Train Loss: 10.963434219360352
INFO     Train epoch: 0 step: 25 Tokens seen: 3200 Train Loss: 11.031349182128906
INFO     Train epoch: 0 step: 26 Tokens seen: 3328 Train Loss: 10.948677062988281
INFO     Train epoch: 0 step: 27 Tokens seen: 3456 Train Loss: 10.817588806152344
INFO     Train epoch: 0 step: 28 Tokens seen: 3584 Train Loss: 10.851608276367188
INFO     Train epoch: 0 step: 29 Tokens seen: 3712 Train Loss: 10.63883113861084
INFO     Train epoch: 0 step: 30 Tokens seen: 3840 Train Loss: 10.832174301147461
INFO     Train epoch: 0 step: 31 Tokens seen: 3968 Train Loss: 10.848210334777832
INFO     Train epoch: 0 step: 32 Tokens seen: 4096 Train Loss: 10.775303840637207
INFO     Train epoch: 0 step: 33 Tokens seen: 4224 Train Loss: 11.150972366333008
INFO     Train epoch: 0 step: 34 Tokens seen: 4352 Train Loss: 10.845410346984863
INFO     Train epoch: 0 step: 35 Tokens seen: 4480 Train Loss: 11.02114200592041
INFO     Train epoch: 0 step: 36 Tokens seen: 4608 Train Loss: 10.646187782287598
INFO     Train epoch: 0 step: 37 Tokens seen: 4736 Train Loss: 10.973361015319824
INFO     Train epoch: 0 step: 38 Tokens seen: 4864 Train Loss: 10.987532615661621
INFO     Train epoch: 0 step: 39 Tokens seen: 4992 Train Loss: 10.69114875793457
INFO     Train epoch: 0 step: 40 Tokens seen: 5120 Train Loss: 11.052933692932129
INFO     Train epoch: 0 step: 41 Tokens seen: 5248 Train Loss: 10.622708320617676
INFO     Train epoch: 0 step: 42 Tokens seen: 5376 Train Loss: 10.637598991394043
INFO     Train epoch: 0 step: 43 Tokens seen: 5504 Train Loss: 10.734097480773926
INFO     Train epoch: 0 step: 44 Tokens seen: 5632 Train Loss: 10.879061698913574
INFO     Train epoch: 0 step: 45 Tokens seen: 5760 Train Loss: 10.774736404418945
INFO     Train epoch: 0 step: 46 Tokens seen: 5888 Train Loss: 10.836686134338379
INFO     Train epoch: 0 step: 47 Tokens seen: 6016 Train Loss: 10.888157844543457
INFO     Train epoch: 0 step: 48 Tokens seen: 6144 Train Loss: 10.832676887512207
INFO     Train epoch: 0 step: 49 Tokens seen: 6272 Train Loss: 10.846135139465332
INFO     Train epoch: 0 step: 50 Tokens seen: 6400 Train Loss: 10.950188636779785
INFO     Eval Step: 50 Tokens seen: 6400 Val Loss : 10.739097050258092
INFO     Train epoch: 0 step: 51 Tokens seen: 6528 Train Loss: 10.826807975769043
INFO     Train epoch: 0 step: 52 Tokens seen: 6656 Train Loss: 10.883956909179688
INFO     Train epoch: 0 step: 53 Tokens seen: 6784 Train Loss: 10.769913673400879
INFO     Train epoch: 0 step: 54 Tokens seen: 6912 Train Loss: 10.667811393737793
INFO     Train epoch: 0 step: 55 Tokens seen: 7040 Train Loss: 10.406913757324219
INFO     Train epoch: 0 step: 56 Tokens seen: 7168 Train Loss: 10.758880615234375
INFO     Train epoch: 0 step: 57 Tokens seen: 7296 Train Loss: 10.889975547790527
INFO     Train epoch: 0 step: 58 Tokens seen: 7424 Train Loss: 11.112360000610352
INFO     Train epoch: 0 step: 59 Tokens seen: 7552 Train Loss: 10.902482032775879
INFO     Train epoch: 0 step: 60 Tokens seen: 7680 Train Loss: 10.50229263305664
INFO     Train epoch: 0 step: 61 Tokens seen: 7808 Train Loss: 10.707079887390137
INFO     Train epoch: 0 step: 62 Tokens seen: 7936 Train Loss: 10.603080749511719
INFO     Train epoch: 0 step: 63 Tokens seen: 8064 Train Loss: 10.34902572631836
INFO     Train epoch: 0 step: 64 Tokens seen: 8192 Train Loss: 10.922101020812988
INFO     Train epoch: 0 step: 65 Tokens seen: 8320 Train Loss: 10.599263191223145
INFO     Train epoch: 0 step: 66 Tokens seen: 8448 Train Loss: 10.705483436584473
INFO     Train epoch: 0 step: 67 Tokens seen: 8576 Train Loss: 10.641209602355957
INFO     Train epoch: 0 step: 68 Tokens seen: 8704 Train Loss: 10.650249481201172
INFO     Train epoch: 0 step: 69 Tokens seen: 8832 Train Loss: 10.654767036437988
INFO     Train epoch: 0 step: 70 Tokens seen: 8960 Train Loss: 10.648354530334473
INFO     Train epoch: 0 step: 71 Tokens seen: 9088 Train Loss: 10.768129348754883
INFO     Train epoch: 0 step: 72 Tokens seen: 9216 Train Loss: 10.922192573547363
INFO     Train epoch: 0 step: 73 Tokens seen: 9344 Train Loss: 10.532027244567871
INFO     Train epoch: 0 step: 74 Tokens seen: 9472 Train Loss: 10.655397415161133
INFO     Train epoch: 0 step: 75 Tokens seen: 9600 Train Loss: 10.583799362182617
INFO     Train epoch: 0 step: 76 Tokens seen: 9728 Train Loss: 10.848908424377441
INFO     Train epoch: 0 step: 77 Tokens seen: 9856 Train Loss: 10.652443885803223
INFO     Train epoch: 0 step: 78 Tokens seen: 9984 Train Loss: 10.516509056091309
INFO     Train epoch: 0 step: 79 Tokens seen: 10112 Train Loss: 10.771963119506836
INFO     Train epoch: 0 step: 80 Tokens seen: 10240 Train Loss: 10.496293067932129
INFO     Train epoch: 0 step: 81 Tokens seen: 10368 Train Loss: 10.212125778198242
INFO     Train epoch: 0 step: 82 Tokens seen: 10496 Train Loss: 10.869565963745117
INFO     Train epoch: 0 step: 83 Tokens seen: 10624 Train Loss: 10.703018188476562
INFO     Train epoch: 0 step: 84 Tokens seen: 10752 Train Loss: 10.444433212280273
INFO     Train epoch: 0 step: 85 Tokens seen: 10880 Train Loss: 10.691269874572754
INFO     Train epoch: 0 step: 86 Tokens seen: 11008 Train Loss: 10.47933292388916
INFO     Train epoch: 0 step: 87 Tokens seen: 11136 Train Loss: 10.578895568847656
INFO     Train epoch: 0 step: 88 Tokens seen: 11264 Train Loss: 10.534642219543457
INFO     Train epoch: 0 step: 89 Tokens seen: 11392 Train Loss: 10.567870140075684
INFO     Train epoch: 0 step: 90 Tokens seen: 11520 Train Loss: 10.468588829040527
INFO     Train epoch: 0 step: 91 Tokens seen: 11648 Train Loss: 10.311725616455078
INFO     Train epoch: 0 step: 92 Tokens seen: 11776 Train Loss: 10.358382225036621
INFO     Train epoch: 0 step: 93 Tokens seen: 11904 Train Loss: 10.505958557128906
INFO     Train epoch: 0 step: 94 Tokens seen: 12032 Train Loss: 10.677434921264648
INFO     Train epoch: 0 step: 95 Tokens seen: 12160 Train Loss: 10.492050170898438
INFO     Train epoch: 0 step: 96 Tokens seen: 12288 Train Loss: 10.563530921936035
INFO     Train epoch: 0 step: 97 Tokens seen: 12416 Train Loss: 10.371829986572266
INFO     Train epoch: 0 step: 98 Tokens seen: 12544 Train Loss: 10.681337356567383
INFO     Train epoch: 0 step: 99 Tokens seen: 12672 Train Loss: 10.522819519042969
INFO     Train epoch: 0 step: 100 Tokens seen: 12800 Train Loss: 10.570623397827148
INFO     Eval Step: 100 Tokens seen: 12800 Val Loss : 10.45060920715332
INFO     Checkpoint Saved | Train loss: 10.570623397827148 | Eval loss: 10.45060920715332
INFO     Train epoch: 0 step: 101 Tokens seen: 12928 Train Loss: 10.723028182983398
INFO     Train epoch: 0 step: 102 Tokens seen: 13056 Train Loss: 10.517064094543457
INFO     Train epoch: 0 step: 103 Tokens seen: 13184 Train Loss: 10.758158683776855
INFO     Train epoch: 0 step: 104 Tokens seen: 13312 Train Loss: 10.58855152130127
INFO     Train epoch: 0 step: 105 Tokens seen: 13440 Train Loss: 10.27069091796875
INFO     Train epoch: 0 step: 106 Tokens seen: 13568 Train Loss: 10.648653030395508
INFO     Train epoch: 0 step: 107 Tokens seen: 13696 Train Loss: 10.712481498718262
INFO     Train epoch: 0 step: 108 Tokens seen: 13824 Train Loss: 10.543252944946289
INFO     Train epoch: 0 step: 109 Tokens seen: 13952 Train Loss: 10.505583763122559
INFO     Train epoch: 0 step: 110 Tokens seen: 14080 Train Loss: 10.600257873535156
INFO     Train epoch: 0 step: 111 Tokens seen: 14208 Train Loss: 10.866393089294434
INFO     Train epoch: 0 step: 112 Tokens seen: 14336 Train Loss: 10.583915710449219
INFO     Train epoch: 0 step: 113 Tokens seen: 14464 Train Loss: 10.117706298828125
INFO     Train epoch: 0 step: 114 Tokens seen: 14592 Train Loss: 10.447100639343262
INFO     Train epoch: 0 step: 115 Tokens seen: 14720 Train Loss: 10.621582984924316
INFO     Train epoch: 0 step: 116 Tokens seen: 14848 Train Loss: 10.261841773986816
INFO     Train epoch: 0 step: 117 Tokens seen: 14976 Train Loss: 10.696616172790527
INFO     Train epoch: 0 step: 118 Tokens seen: 15104 Train Loss: 10.456269264221191
INFO     Train epoch: 0 step: 119 Tokens seen: 15232 Train Loss: 10.284214973449707
INFO     Train epoch: 0 step: 120 Tokens seen: 15360 Train Loss: 10.480489730834961
INFO     Train epoch: 0 step: 121 Tokens seen: 15488 Train Loss: 10.384143829345703
INFO     Train epoch: 0 step: 122 Tokens seen: 15616 Train Loss: 10.502374649047852
INFO     Train epoch: 0 step: 123 Tokens seen: 15744 Train Loss: 10.319113731384277
INFO     Train epoch: 0 step: 124 Tokens seen: 15872 Train Loss: 10.432267189025879
INFO     Train epoch: 0 step: 125 Tokens seen: 16000 Train Loss: 10.545365333557129
INFO     Train epoch: 0 step: 126 Tokens seen: 16128 Train Loss: 10.555553436279297
INFO     Train epoch: 0 step: 127 Tokens seen: 16256 Train Loss: 10.460477828979492
INFO     Train epoch: 0 step: 128 Tokens seen: 16384 Train Loss: 10.766342163085938
INFO     Train epoch: 0 step: 129 Tokens seen: 16512 Train Loss: 10.045665740966797
INFO     Train epoch: 0 step: 130 Tokens seen: 16640 Train Loss: 10.658655166625977
INFO     Train epoch: 0 step: 131 Tokens seen: 16768 Train Loss: 10.249567031860352
INFO     Train epoch: 0 step: 132 Tokens seen: 16896 Train Loss: 10.596379280090332
INFO     Train epoch: 0 step: 133 Tokens seen: 17024 Train Loss: 10.394515037536621
INFO     Train epoch: 0 step: 134 Tokens seen: 17152 Train Loss: 10.307653427124023
INFO     Train epoch: 0 step: 135 Tokens seen: 17280 Train Loss: 10.355709075927734
INFO     Train epoch: 0 step: 136 Tokens seen: 17408 Train Loss: 10.254837036132812
INFO     Train epoch: 0 step: 137 Tokens seen: 17536 Train Loss: 10.640276908874512
INFO     Train epoch: 0 step: 138 Tokens seen: 17664 Train Loss: 10.276205062866211
INFO     Train epoch: 0 step: 139 Tokens seen: 17792 Train Loss: 10.141236305236816
INFO     Train epoch: 0 step: 140 Tokens seen: 17920 Train Loss: 10.422435760498047
INFO     Train epoch: 0 step: 141 Tokens seen: 18048 Train Loss: 10.568024635314941
INFO     Train epoch: 0 step: 142 Tokens seen: 18176 Train Loss: 10.42006778717041
INFO     Train epoch: 0 step: 143 Tokens seen: 18304 Train Loss: 10.403465270996094
INFO     Train epoch: 0 step: 144 Tokens seen: 18432 Train Loss: 10.135588645935059
INFO     Train epoch: 0 step: 145 Tokens seen: 18560 Train Loss: 10.421128273010254
INFO     Train epoch: 0 step: 146 Tokens seen: 18688 Train Loss: 10.456953048706055
INFO     Train epoch: 0 step: 147 Tokens seen: 18816 Train Loss: 10.151182174682617
INFO     Train epoch: 0 step: 148 Tokens seen: 18944 Train Loss: 10.400938987731934
INFO     Train epoch: 0 step: 149 Tokens seen: 19072 Train Loss: 10.512828826904297
INFO     Train epoch: 0 step: 150 Tokens seen: 19200 Train Loss: 10.403426170349121
INFO     Eval Step: 150 Tokens seen: 19200 Val Loss : 10.24170984540667
INFO     Train epoch: 0 step: 151 Tokens seen: 19328 Train Loss: 10.872161865234375
INFO     Train epoch: 0 step: 152 Tokens seen: 19456 Train Loss: 10.604592323303223
INFO     Train epoch: 0 step: 153 Tokens seen: 19584 Train Loss: 10.517948150634766
INFO     Train epoch: 0 step: 154 Tokens seen: 19712 Train Loss: 10.060630798339844
INFO     Train epoch: 0 step: 155 Tokens seen: 19840 Train Loss: 10.306876182556152
INFO     Train epoch: 0 step: 156 Tokens seen: 19968 Train Loss: 10.188688278198242
INFO     Train epoch: 0 step: 157 Tokens seen: 20096 Train Loss: 10.316232681274414
INFO     Train epoch: 0 step: 158 Tokens seen: 20224 Train Loss: 10.33827018737793
INFO     Train epoch: 0 step: 159 Tokens seen: 20352 Train Loss: 10.207237243652344
INFO     Train epoch: 0 step: 160 Tokens seen: 20480 Train Loss: 10.372873306274414
INFO     Train epoch: 0 step: 161 Tokens seen: 20608 Train Loss: 10.217070579528809
INFO     Train epoch: 0 step: 162 Tokens seen: 20736 Train Loss: 10.332175254821777
INFO     Train epoch: 0 step: 163 Tokens seen: 20864 Train Loss: 10.287911415100098
INFO     Train epoch: 0 step: 164 Tokens seen: 20992 Train Loss: 10.163802146911621
INFO     Train epoch: 0 step: 165 Tokens seen: 21120 Train Loss: 10.42672348022461
INFO     Train epoch: 0 step: 166 Tokens seen: 21248 Train Loss: 10.279425621032715
INFO     Train epoch: 0 step: 167 Tokens seen: 21376 Train Loss: 10.580760955810547
INFO     Train epoch: 0 step: 168 Tokens seen: 21504 Train Loss: 9.774474143981934
INFO     Train epoch: 0 step: 169 Tokens seen: 21632 Train Loss: 10.239348411560059
INFO     Train epoch: 0 step: 170 Tokens seen: 21760 Train Loss: 10.314998626708984
INFO     Train epoch: 0 step: 171 Tokens seen: 21888 Train Loss: 10.224989891052246
INFO     Train epoch: 0 step: 172 Tokens seen: 22016 Train Loss: 10.166372299194336
INFO     Train epoch: 0 step: 173 Tokens seen: 22144 Train Loss: 9.902710914611816
INFO     Train epoch: 0 step: 174 Tokens seen: 22272 Train Loss: 10.074470520019531
INFO     Train epoch: 0 step: 175 Tokens seen: 22400 Train Loss: 10.164609909057617
INFO     Train epoch: 0 step: 176 Tokens seen: 22528 Train Loss: 10.039325714111328
INFO     Train epoch: 0 step: 177 Tokens seen: 22656 Train Loss: 10.136820793151855
INFO     Train epoch: 0 step: 178 Tokens seen: 22784 Train Loss: 10.215551376342773
INFO     Train epoch: 0 step: 179 Tokens seen: 22912 Train Loss: 10.263675689697266
INFO     Train epoch: 0 step: 180 Tokens seen: 23040 Train Loss: 10.35767650604248
INFO     Train epoch: 0 step: 181 Tokens seen: 23168 Train Loss: 9.889836311340332
INFO     Train epoch: 0 step: 182 Tokens seen: 23296 Train Loss: 10.165299415588379
INFO     Train epoch: 0 step: 183 Tokens seen: 23424 Train Loss: 10.238739967346191
INFO     Train epoch: 0 step: 184 Tokens seen: 23552 Train Loss: 10.130840301513672
INFO     Train epoch: 0 step: 185 Tokens seen: 23680 Train Loss: 9.863560676574707
INFO     Train epoch: 0 step: 186 Tokens seen: 23808 Train Loss: 10.10562801361084
INFO     Train epoch: 0 step: 187 Tokens seen: 23936 Train Loss: 10.059284210205078
INFO     Train epoch: 0 step: 188 Tokens seen: 24064 Train Loss: 10.452264785766602
INFO     Train epoch: 0 step: 189 Tokens seen: 24192 Train Loss: 10.105727195739746
INFO     Train epoch: 0 step: 190 Tokens seen: 24320 Train Loss: 10.021900177001953
INFO     Train epoch: 0 step: 191 Tokens seen: 24448 Train Loss: 9.826699256896973
INFO     Train epoch: 0 step: 192 Tokens seen: 24576 Train Loss: 10.050674438476562
INFO     Train epoch: 0 step: 193 Tokens seen: 24704 Train Loss: 9.953927040100098
INFO     Train epoch: 0 step: 194 Tokens seen: 24832 Train Loss: 9.896424293518066
INFO     Train epoch: 0 step: 195 Tokens seen: 24960 Train Loss: 10.124625205993652
INFO     Train epoch: 0 step: 196 Tokens seen: 25088 Train Loss: 10.339852333068848
INFO     Train epoch: 0 step: 197 Tokens seen: 25216 Train Loss: 10.58884334564209
INFO     Train epoch: 0 step: 198 Tokens seen: 25344 Train Loss: 10.210667610168457
INFO     Train epoch: 0 step: 199 Tokens seen: 25472 Train Loss: 9.544763565063477
INFO     Train epoch: 0 step: 200 Tokens seen: 25600 Train Loss: 10.187189102172852
INFO     Eval Step: 200 Tokens seen: 25600 Val Loss : 10.031080790928431
INFO     Checkpoint Saved | Train loss: 10.187189102172852 | Eval loss: 10.031080790928431
INFO     Train epoch: 0 step: 201 Tokens seen: 25728 Train Loss: 9.768485069274902
INFO     Train epoch: 0 step: 202 Tokens seen: 25856 Train Loss: 10.233820915222168
INFO     Train epoch: 0 step: 203 Tokens seen: 25984 Train Loss: 10.23497486114502
INFO     Train epoch: 0 step: 204 Tokens seen: 26112 Train Loss: 9.920921325683594
INFO     Train epoch: 0 step: 205 Tokens seen: 26240 Train Loss: 10.20222282409668
INFO     Train epoch: 0 step: 206 Tokens seen: 26368 Train Loss: 9.707493782043457
INFO     Train epoch: 0 step: 207 Tokens seen: 26496 Train Loss: 9.782445907592773
INFO     Train epoch: 0 step: 208 Tokens seen: 26624 Train Loss: 10.166207313537598
INFO     Train epoch: 0 step: 209 Tokens seen: 26752 Train Loss: 9.618005752563477
INFO     Train epoch: 0 step: 210 Tokens seen: 26880 Train Loss: 10.190933227539062
INFO     Train epoch: 0 step: 211 Tokens seen: 27008 Train Loss: 9.490914344787598
INFO     Train epoch: 0 step: 212 Tokens seen: 27136 Train Loss: 10.067314147949219
INFO     Train epoch: 0 step: 213 Tokens seen: 27264 Train Loss: 9.930299758911133
INFO     Train epoch: 0 step: 214 Tokens seen: 27392 Train Loss: 10.130152702331543
INFO     Train epoch: 0 step: 215 Tokens seen: 27520 Train Loss: 10.174324035644531
INFO     Train epoch: 0 step: 216 Tokens seen: 27648 Train Loss: 9.934356689453125
INFO     Train epoch: 0 step: 217 Tokens seen: 27776 Train Loss: 10.039257049560547
INFO     Train epoch: 0 step: 218 Tokens seen: 27904 Train Loss: 10.138740539550781
INFO     Train epoch: 0 step: 219 Tokens seen: 28032 Train Loss: 10.098611831665039
INFO     Train epoch: 0 step: 220 Tokens seen: 28160 Train Loss: 10.057302474975586
INFO     Train epoch: 0 step: 221 Tokens seen: 28288 Train Loss: 9.897603988647461
INFO     Train epoch: 0 step: 222 Tokens seen: 28416 Train Loss: 10.01610279083252
INFO     Train epoch: 0 step: 223 Tokens seen: 28544 Train Loss: 9.79612922668457
INFO     Train epoch: 0 step: 224 Tokens seen: 28672 Train Loss: 10.108827590942383
INFO     Train epoch: 0 step: 225 Tokens seen: 28800 Train Loss: 9.77420711517334
INFO     Train epoch: 0 step: 226 Tokens seen: 28928 Train Loss: 9.80034351348877
INFO     Train epoch: 0 step: 227 Tokens seen: 29056 Train Loss: 10.248811721801758
INFO     Train epoch: 0 step: 228 Tokens seen: 29184 Train Loss: 9.61570930480957
INFO     Train epoch: 0 step: 229 Tokens seen: 29312 Train Loss: 9.786907196044922
INFO     Train epoch: 0 step: 230 Tokens seen: 29440 Train Loss: 9.540266036987305
INFO     Train epoch: 0 step: 231 Tokens seen: 29568 Train Loss: 9.992825508117676
INFO     Train epoch: 0 step: 232 Tokens seen: 29696 Train Loss: 10.042019844055176
INFO     Train epoch: 0 step: 233 Tokens seen: 29824 Train Loss: 10.328215599060059
INFO     Train epoch: 0 step: 234 Tokens seen: 29952 Train Loss: 10.040586471557617
INFO     Train epoch: 0 step: 235 Tokens seen: 30080 Train Loss: 9.940450668334961
INFO     Train epoch: 0 step: 236 Tokens seen: 30208 Train Loss: 10.235353469848633
INFO     Train epoch: 0 step: 237 Tokens seen: 30336 Train Loss: 9.866532325744629
INFO     Train epoch: 0 step: 238 Tokens seen: 30464 Train Loss: 9.529577255249023
INFO     Train epoch: 0 step: 239 Tokens seen: 30592 Train Loss: 10.103805541992188
INFO     Train epoch: 0 step: 240 Tokens seen: 30720 Train Loss: 9.928439140319824
INFO     Train epoch: 0 step: 241 Tokens seen: 30848 Train Loss: 9.509255409240723
INFO     Train epoch: 0 step: 242 Tokens seen: 30976 Train Loss: 9.821405410766602
INFO     Train epoch: 0 step: 243 Tokens seen: 31104 Train Loss: 9.655318260192871
INFO     Train epoch: 0 step: 244 Tokens seen: 31232 Train Loss: 9.776598930358887
INFO     Train epoch: 0 step: 245 Tokens seen: 31360 Train Loss: 9.20894718170166
INFO     Train epoch: 0 step: 246 Tokens seen: 31488 Train Loss: 10.307679176330566
INFO     Train epoch: 0 step: 247 Tokens seen: 31616 Train Loss: 9.242977142333984
INFO     Train epoch: 0 step: 248 Tokens seen: 31744 Train Loss: 9.740640640258789
INFO     Train epoch: 0 step: 249 Tokens seen: 31872 Train Loss: 9.909563064575195
INFO     Train epoch: 0 step: 250 Tokens seen: 32000 Train Loss: 9.72563362121582
INFO     Eval Step: 250 Tokens seen: 32000 Val Loss : 9.83609676361084
INFO     Train epoch: 0 step: 251 Tokens seen: 32128 Train Loss: 9.75043773651123
INFO     Train epoch: 0 step: 252 Tokens seen: 32256 Train Loss: 9.459081649780273
INFO     Train epoch: 0 step: 253 Tokens seen: 32384 Train Loss: 9.75058364868164
INFO     Train epoch: 0 step: 254 Tokens seen: 32512 Train Loss: 9.862310409545898
INFO     Train epoch: 0 step: 255 Tokens seen: 32640 Train Loss: 10.122113227844238
INFO     Train epoch: 0 step: 256 Tokens seen: 32768 Train Loss: 9.485292434692383
INFO     Train epoch: 0 step: 257 Tokens seen: 32896 Train Loss: 9.999604225158691
INFO     Train epoch: 0 step: 258 Tokens seen: 33024 Train Loss: 9.7818603515625
INFO     Train epoch: 0 step: 259 Tokens seen: 33152 Train Loss: 9.762614250183105
INFO     Train epoch: 0 step: 260 Tokens seen: 33280 Train Loss: 9.83926010131836
INFO     Train epoch: 0 step: 261 Tokens seen: 33408 Train Loss: 9.709846496582031
INFO     Train epoch: 0 step: 262 Tokens seen: 33536 Train Loss: 9.422375679016113
INFO     Train epoch: 0 step: 263 Tokens seen: 33664 Train Loss: 9.753833770751953
INFO     Train epoch: 0 step: 264 Tokens seen: 33792 Train Loss: 9.849326133728027
INFO     Train epoch: 0 step: 265 Tokens seen: 33920 Train Loss: 9.568265914916992
INFO     Train epoch: 0 step: 266 Tokens seen: 34048 Train Loss: 9.58773136138916
INFO     Train epoch: 0 step: 267 Tokens seen: 34176 Train Loss: 9.654424667358398
INFO     Train epoch: 0 step: 268 Tokens seen: 34304 Train Loss: 9.753910064697266
INFO     Train epoch: 0 step: 269 Tokens seen: 34432 Train Loss: 9.972814559936523
INFO     Train epoch: 0 step: 270 Tokens seen: 34560 Train Loss: 9.486364364624023
INFO     Train epoch: 0 step: 271 Tokens seen: 34688 Train Loss: 9.810358047485352
INFO     Train epoch: 0 step: 272 Tokens seen: 34816 Train Loss: 9.313732147216797
INFO     Train epoch: 0 step: 273 Tokens seen: 34944 Train Loss: 10.07641887664795
INFO     Train epoch: 0 step: 274 Tokens seen: 35072 Train Loss: 9.732599258422852
INFO     Train epoch: 0 step: 275 Tokens seen: 35200 Train Loss: 10.02478313446045
INFO     Train epoch: 0 step: 276 Tokens seen: 35328 Train Loss: 9.648075103759766
INFO     Train epoch: 0 step: 277 Tokens seen: 35456 Train Loss: 9.773259162902832
INFO     Train epoch: 0 step: 278 Tokens seen: 35584 Train Loss: 9.897754669189453
INFO     Train epoch: 0 step: 279 Tokens seen: 35712 Train Loss: 9.774908065795898
INFO     Train epoch: 0 step: 280 Tokens seen: 35840 Train Loss: 9.635310173034668
INFO     Train epoch: 0 step: 281 Tokens seen: 35968 Train Loss: 9.836973190307617
INFO     Train epoch: 0 step: 282 Tokens seen: 36096 Train Loss: 9.290119171142578
INFO     Train epoch: 0 step: 283 Tokens seen: 36224 Train Loss: 9.667577743530273
INFO     Train epoch: 0 step: 284 Tokens seen: 36352 Train Loss: 9.515904426574707
INFO     Train epoch: 0 step: 285 Tokens seen: 36480 Train Loss: 9.529074668884277
INFO     Train epoch: 0 step: 286 Tokens seen: 36608 Train Loss: 9.61034870147705
INFO     Train epoch: 0 step: 287 Tokens seen: 36736 Train Loss: 9.607172012329102
INFO     Train epoch: 0 step: 288 Tokens seen: 36864 Train Loss: 9.661839485168457
INFO     Train epoch: 0 step: 289 Tokens seen: 36992 Train Loss: 9.584447860717773
INFO     Train epoch: 0 step: 290 Tokens seen: 37120 Train Loss: 9.608184814453125
INFO     Train epoch: 0 step: 291 Tokens seen: 37248 Train Loss: 9.543137550354004
INFO     Train epoch: 0 step: 292 Tokens seen: 37376 Train Loss: 9.240119934082031
INFO     Train epoch: 0 step: 293 Tokens seen: 37504 Train Loss: 9.547858238220215
INFO     Train epoch: 0 step: 294 Tokens seen: 37632 Train Loss: 9.675126075744629
INFO     Train epoch: 0 step: 295 Tokens seen: 37760 Train Loss: 9.492842674255371
INFO     Train epoch: 0 step: 296 Tokens seen: 37888 Train Loss: 9.510846138000488
INFO     Train epoch: 0 step: 297 Tokens seen: 38016 Train Loss: 9.543681144714355
INFO     Train epoch: 0 step: 298 Tokens seen: 38144 Train Loss: 9.379315376281738
INFO     Train epoch: 0 step: 299 Tokens seen: 38272 Train Loss: 9.79896354675293
INFO     Train epoch: 0 step: 300 Tokens seen: 38400 Train Loss: 9.890231132507324
INFO     Eval Step: 300 Tokens seen: 38400 Val Loss : 9.544760022844587
INFO     Checkpoint Saved | Train loss: 9.890231132507324 | Eval loss: 9.544760022844587
INFO     Train epoch: 0 step: 301 Tokens seen: 38528 Train Loss: 9.655118942260742
INFO     Train epoch: 0 step: 302 Tokens seen: 38656 Train Loss: 9.291666030883789
INFO     Train epoch: 0 step: 303 Tokens seen: 38784 Train Loss: 9.808475494384766
INFO     Train epoch: 0 step: 304 Tokens seen: 38912 Train Loss: 9.648006439208984
INFO     Train epoch: 0 step: 305 Tokens seen: 39040 Train Loss: 9.44693660736084
INFO     Train epoch: 0 step: 306 Tokens seen: 39168 Train Loss: 9.403629302978516
INFO     Train epoch: 0 step: 307 Tokens seen: 39296 Train Loss: 9.542963027954102
INFO     Train epoch: 0 step: 308 Tokens seen: 39424 Train Loss: 9.647848129272461
INFO     Train epoch: 0 step: 309 Tokens seen: 39552 Train Loss: 9.187273979187012
INFO     Train epoch: 0 step: 310 Tokens seen: 39680 Train Loss: 9.66197395324707
INFO     Train epoch: 0 step: 311 Tokens seen: 39808 Train Loss: 9.389713287353516
INFO     Train epoch: 0 step: 312 Tokens seen: 39936 Train Loss: 9.52200698852539
INFO     Train epoch: 0 step: 313 Tokens seen: 40064 Train Loss: 9.42773151397705
INFO     Train epoch: 0 step: 314 Tokens seen: 40192 Train Loss: 9.679272651672363
INFO     Train epoch: 0 step: 315 Tokens seen: 40320 Train Loss: 9.846009254455566
INFO     Train epoch: 0 step: 316 Tokens seen: 40448 Train Loss: 9.530257225036621
INFO     Train epoch: 0 step: 317 Tokens seen: 40576 Train Loss: 9.227130889892578
INFO     Train epoch: 0 step: 318 Tokens seen: 40704 Train Loss: 9.725398063659668
INFO     Train epoch: 0 step: 319 Tokens seen: 40832 Train Loss: 9.596943855285645
INFO     Train epoch: 0 step: 320 Tokens seen: 40960 Train Loss: 9.506346702575684
INFO     Train epoch: 0 step: 321 Tokens seen: 41088 Train Loss: 9.360856056213379
INFO     Train epoch: 0 step: 322 Tokens seen: 41216 Train Loss: 9.88719654083252
INFO     Train epoch: 0 step: 323 Tokens seen: 41344 Train Loss: 9.857857704162598
INFO     Train epoch: 0 step: 324 Tokens seen: 41472 Train Loss: 9.419319152832031
INFO     Train epoch: 0 step: 325 Tokens seen: 41600 Train Loss: 9.49388313293457
INFO     Train epoch: 0 step: 326 Tokens seen: 41728 Train Loss: 9.184773445129395
INFO     Train epoch: 0 step: 327 Tokens seen: 41856 Train Loss: 9.259819030761719
INFO     Train epoch: 0 step: 328 Tokens seen: 41984 Train Loss: 9.407658576965332
INFO     Train epoch: 0 step: 329 Tokens seen: 42112 Train Loss: 9.520302772521973
INFO     Train epoch: 0 step: 330 Tokens seen: 42240 Train Loss: 9.630660057067871
INFO     Train epoch: 0 step: 331 Tokens seen: 42368 Train Loss: 9.459856986999512
INFO     Train epoch: 0 step: 332 Tokens seen: 42496 Train Loss: 9.108152389526367
INFO     Train epoch: 0 step: 333 Tokens seen: 42624 Train Loss: 9.300334930419922
INFO     Train epoch: 0 step: 334 Tokens seen: 42752 Train Loss: 9.40336799621582
INFO     Train epoch: 0 step: 335 Tokens seen: 42880 Train Loss: 9.382539749145508
INFO     Train epoch: 0 step: 336 Tokens seen: 43008 Train Loss: 9.597936630249023
INFO     Train epoch: 0 step: 337 Tokens seen: 43136 Train Loss: 9.00451946258545
INFO     Train epoch: 0 step: 338 Tokens seen: 43264 Train Loss: 9.616666793823242
INFO     Train epoch: 0 step: 339 Tokens seen: 43392 Train Loss: 9.139751434326172
INFO     Train epoch: 0 step: 340 Tokens seen: 43520 Train Loss: 9.417173385620117
INFO     Train epoch: 0 step: 341 Tokens seen: 43648 Train Loss: 9.14483642578125
INFO     Eval Step: 341 Tokens seen: 43648 Val Loss : 9.347413471766881
INFO     Epoch 0 ended with train loss 2.548740895962086 validation loss 9.347413471766881
INFO     Model is compiled!
INFO     Train epoch: 0 step: 1 Tokens seen: 128 Train Loss: 10.968085289001465
INFO     Train epoch: 0 step: 2 Tokens seen: 256 Train Loss: 10.839041709899902
INFO     Train epoch: 0 step: 3 Tokens seen: 384 Train Loss: 10.843226432800293
INFO     Train epoch: 0 step: 4 Tokens seen: 512 Train Loss: 11.179670333862305
INFO     Train epoch: 0 step: 5 Tokens seen: 640 Train Loss: 10.7846040725708
INFO     Train epoch: 0 step: 6 Tokens seen: 768 Train Loss: 11.015303611755371
INFO     Train epoch: 0 step: 7 Tokens seen: 896 Train Loss: 11.066493034362793
INFO     Train epoch: 0 step: 8 Tokens seen: 1024 Train Loss: 11.261096000671387
INFO     Train epoch: 0 step: 9 Tokens seen: 1152 Train Loss: 10.789534568786621
INFO     Train epoch: 0 step: 10 Tokens seen: 1280 Train Loss: 10.904447555541992
INFO     Train epoch: 0 step: 11 Tokens seen: 1408 Train Loss: 10.898120880126953
INFO     Train epoch: 0 step: 12 Tokens seen: 1536 Train Loss: 10.712295532226562
INFO     Train epoch: 0 step: 13 Tokens seen: 1664 Train Loss: 10.955622673034668
INFO     Train epoch: 0 step: 14 Tokens seen: 1792 Train Loss: 11.035080909729004
INFO     Train epoch: 0 step: 15 Tokens seen: 1920 Train Loss: 10.926787376403809
INFO     Train epoch: 0 step: 16 Tokens seen: 2048 Train Loss: 10.829009056091309
INFO     Train epoch: 0 step: 17 Tokens seen: 2176 Train Loss: 10.988933563232422
INFO     Train epoch: 0 step: 18 Tokens seen: 2304 Train Loss: 10.800444602966309
INFO     Train epoch: 0 step: 19 Tokens seen: 2432 Train Loss: 10.931463241577148
INFO     Train epoch: 0 step: 20 Tokens seen: 2560 Train Loss: 10.674274444580078
INFO     Train epoch: 0 step: 21 Tokens seen: 2688 Train Loss: 10.789972305297852
INFO     Train epoch: 0 step: 22 Tokens seen: 2816 Train Loss: 11.063812255859375
INFO     Train epoch: 0 step: 23 Tokens seen: 2944 Train Loss: 10.917658805847168
INFO     Train epoch: 0 step: 24 Tokens seen: 3072 Train Loss: 10.748501777648926
INFO     Train epoch: 0 step: 25 Tokens seen: 3200 Train Loss: 10.938814163208008
INFO     Train epoch: 0 step: 26 Tokens seen: 3328 Train Loss: 10.752959251403809
INFO     Train epoch: 0 step: 27 Tokens seen: 3456 Train Loss: 10.870230674743652
INFO     Train epoch: 0 step: 28 Tokens seen: 3584 Train Loss: 10.726680755615234
INFO     Train epoch: 0 step: 29 Tokens seen: 3712 Train Loss: 10.849991798400879
INFO     Train epoch: 0 step: 30 Tokens seen: 3840 Train Loss: 10.818242073059082
INFO     Train epoch: 0 step: 31 Tokens seen: 3968 Train Loss: 10.718890190124512
INFO     Train epoch: 0 step: 32 Tokens seen: 4096 Train Loss: 10.870442390441895
INFO     Train epoch: 0 step: 33 Tokens seen: 4224 Train Loss: 10.738073348999023
INFO     Train epoch: 0 step: 34 Tokens seen: 4352 Train Loss: 10.712628364562988
INFO     Train epoch: 0 step: 35 Tokens seen: 4480 Train Loss: 10.850065231323242
INFO     Train epoch: 0 step: 36 Tokens seen: 4608 Train Loss: 10.83820915222168
INFO     Train epoch: 0 step: 37 Tokens seen: 4736 Train Loss: 10.824516296386719
INFO     Train epoch: 0 step: 38 Tokens seen: 4864 Train Loss: 10.875714302062988
INFO     Train epoch: 0 step: 39 Tokens seen: 4992 Train Loss: 10.860250473022461
INFO     Train epoch: 0 step: 40 Tokens seen: 5120 Train Loss: 10.74942398071289
INFO     Train epoch: 0 step: 41 Tokens seen: 5248 Train Loss: 10.84383773803711
INFO     Train epoch: 0 step: 42 Tokens seen: 5376 Train Loss: 10.845002174377441
INFO     Train epoch: 0 step: 43 Tokens seen: 5504 Train Loss: 10.988507270812988
INFO     Train epoch: 0 step: 44 Tokens seen: 5632 Train Loss: 10.790093421936035
INFO     Train epoch: 0 step: 45 Tokens seen: 5760 Train Loss: 10.5533447265625
INFO     Train epoch: 0 step: 46 Tokens seen: 5888 Train Loss: 10.675790786743164
INFO     Train epoch: 0 step: 47 Tokens seen: 6016 Train Loss: 10.765670776367188
INFO     Train epoch: 0 step: 48 Tokens seen: 6144 Train Loss: 10.612679481506348
INFO     Train epoch: 0 step: 49 Tokens seen: 6272 Train Loss: 10.59764575958252
INFO     Train epoch: 0 step: 50 Tokens seen: 6400 Train Loss: 10.697218894958496
INFO     Eval Step: 50 Tokens seen: 6400 Val Loss : 10.764958245413643
INFO     Train epoch: 0 step: 51 Tokens seen: 6528 Train Loss: 10.723230361938477
INFO     Train epoch: 0 step: 52 Tokens seen: 6656 Train Loss: 10.860148429870605
INFO     Train epoch: 0 step: 53 Tokens seen: 6784 Train Loss: 10.63493824005127
INFO     Train epoch: 0 step: 54 Tokens seen: 6912 Train Loss: 10.838691711425781
INFO     Train epoch: 0 step: 55 Tokens seen: 7040 Train Loss: 10.627435684204102
INFO     Train epoch: 0 step: 56 Tokens seen: 7168 Train Loss: 10.52511215209961
INFO     Train epoch: 0 step: 57 Tokens seen: 7296 Train Loss: 10.651040077209473
INFO     Train epoch: 0 step: 58 Tokens seen: 7424 Train Loss: 10.586491584777832
INFO     Train epoch: 0 step: 59 Tokens seen: 7552 Train Loss: 10.807845115661621
INFO     Train epoch: 0 step: 60 Tokens seen: 7680 Train Loss: 10.850693702697754
INFO     Train epoch: 0 step: 61 Tokens seen: 7808 Train Loss: 10.852532386779785
INFO     Train epoch: 0 step: 62 Tokens seen: 7936 Train Loss: 10.749395370483398
INFO     Train epoch: 0 step: 63 Tokens seen: 8064 Train Loss: 10.672006607055664
INFO     Train epoch: 0 step: 64 Tokens seen: 8192 Train Loss: 10.476242065429688
INFO     Train epoch: 0 step: 65 Tokens seen: 8320 Train Loss: 10.666447639465332
INFO     Train epoch: 0 step: 66 Tokens seen: 8448 Train Loss: 10.753722190856934
INFO     Train epoch: 0 step: 67 Tokens seen: 8576 Train Loss: 10.572624206542969
INFO     Train epoch: 0 step: 68 Tokens seen: 8704 Train Loss: 10.772868156433105
INFO     Train epoch: 0 step: 69 Tokens seen: 8832 Train Loss: 10.506524085998535
INFO     Train epoch: 0 step: 70 Tokens seen: 8960 Train Loss: 10.760190963745117
INFO     Train epoch: 0 step: 71 Tokens seen: 9088 Train Loss: 10.60611343383789
INFO     Train epoch: 0 step: 72 Tokens seen: 9216 Train Loss: 10.629383087158203
INFO     Train epoch: 0 step: 73 Tokens seen: 9344 Train Loss: 10.784784317016602
INFO     Train epoch: 0 step: 74 Tokens seen: 9472 Train Loss: 10.532360076904297
INFO     Train epoch: 0 step: 75 Tokens seen: 9600 Train Loss: 10.756192207336426
INFO     Train epoch: 0 step: 76 Tokens seen: 9728 Train Loss: 10.502211570739746
INFO     Train epoch: 0 step: 77 Tokens seen: 9856 Train Loss: 10.74415111541748
INFO     Train epoch: 0 step: 78 Tokens seen: 9984 Train Loss: 10.398421287536621
INFO     Train epoch: 0 step: 79 Tokens seen: 10112 Train Loss: 10.695422172546387
INFO     Train epoch: 0 step: 80 Tokens seen: 10240 Train Loss: 10.73736572265625
INFO     Train epoch: 0 step: 81 Tokens seen: 10368 Train Loss: 10.432002067565918
INFO     Train epoch: 0 step: 82 Tokens seen: 10496 Train Loss: 10.444790840148926
INFO     Train epoch: 0 step: 83 Tokens seen: 10624 Train Loss: 10.699566841125488
INFO     Train epoch: 0 step: 84 Tokens seen: 10752 Train Loss: 10.421246528625488
INFO     Train epoch: 0 step: 85 Tokens seen: 10880 Train Loss: 10.36040210723877
INFO     Train epoch: 0 step: 86 Tokens seen: 11008 Train Loss: 10.658768653869629
INFO     Train epoch: 0 step: 87 Tokens seen: 11136 Train Loss: 10.743267059326172
INFO     Train epoch: 0 step: 88 Tokens seen: 11264 Train Loss: 10.581289291381836
INFO     Train epoch: 0 step: 89 Tokens seen: 11392 Train Loss: 10.448780059814453
INFO     Train epoch: 0 step: 90 Tokens seen: 11520 Train Loss: 10.56306266784668
INFO     Train epoch: 0 step: 91 Tokens seen: 11648 Train Loss: 10.386011123657227
INFO     Train epoch: 0 step: 92 Tokens seen: 11776 Train Loss: 10.385369300842285
INFO     Train epoch: 0 step: 93 Tokens seen: 11904 Train Loss: 10.374956130981445
INFO     Train epoch: 0 step: 94 Tokens seen: 12032 Train Loss: 10.414715766906738
INFO     Train epoch: 0 step: 95 Tokens seen: 12160 Train Loss: 10.354040145874023
INFO     Train epoch: 0 step: 96 Tokens seen: 12288 Train Loss: 10.712162971496582
INFO     Train epoch: 0 step: 97 Tokens seen: 12416 Train Loss: 10.286202430725098
INFO     Train epoch: 0 step: 98 Tokens seen: 12544 Train Loss: 10.64950180053711
INFO     Train epoch: 0 step: 99 Tokens seen: 12672 Train Loss: 10.472572326660156
INFO     Train epoch: 0 step: 100 Tokens seen: 12800 Train Loss: 10.42651653289795
INFO     Eval Step: 100 Tokens seen: 12800 Val Loss : 10.478295598711286
INFO     Checkpoint Saved | Train loss: 10.42651653289795 | Eval loss: 10.478295598711286
INFO     Train epoch: 0 step: 101 Tokens seen: 12928 Train Loss: 10.559168815612793
INFO     Train epoch: 0 step: 102 Tokens seen: 13056 Train Loss: 10.58937931060791
INFO     Train epoch: 0 step: 103 Tokens seen: 13184 Train Loss: 10.417393684387207
INFO     Train epoch: 0 step: 104 Tokens seen: 13312 Train Loss: 10.716571807861328
INFO     Train epoch: 0 step: 105 Tokens seen: 13440 Train Loss: 10.49451732635498
INFO     Train epoch: 0 step: 106 Tokens seen: 13568 Train Loss: 10.769771575927734
INFO     Train epoch: 0 step: 107 Tokens seen: 13696 Train Loss: 10.4723482131958
INFO     Train epoch: 0 step: 108 Tokens seen: 13824 Train Loss: 10.245783805847168
INFO     Train epoch: 0 step: 109 Tokens seen: 13952 Train Loss: 10.09172534942627
INFO     Train epoch: 0 step: 110 Tokens seen: 14080 Train Loss: 10.489179611206055
INFO     Train epoch: 0 step: 111 Tokens seen: 14208 Train Loss: 10.378329277038574
INFO     Train epoch: 0 step: 112 Tokens seen: 14336 Train Loss: 10.174049377441406
INFO     Train epoch: 0 step: 113 Tokens seen: 14464 Train Loss: 10.453310012817383
INFO     Train epoch: 0 step: 114 Tokens seen: 14592 Train Loss: 10.590056419372559
INFO     Train epoch: 0 step: 115 Tokens seen: 14720 Train Loss: 10.71672248840332
INFO     Train epoch: 0 step: 116 Tokens seen: 14848 Train Loss: 10.650616645812988
INFO     Train epoch: 0 step: 117 Tokens seen: 14976 Train Loss: 10.281717300415039
INFO     Train epoch: 0 step: 118 Tokens seen: 15104 Train Loss: 10.501261711120605
INFO     Train epoch: 0 step: 119 Tokens seen: 15232 Train Loss: 10.369361877441406
INFO     Train epoch: 0 step: 120 Tokens seen: 15360 Train Loss: 10.33615493774414
INFO     Train epoch: 0 step: 121 Tokens seen: 15488 Train Loss: 10.29621410369873
INFO     Train epoch: 0 step: 122 Tokens seen: 15616 Train Loss: 10.219978332519531
INFO     Train epoch: 0 step: 123 Tokens seen: 15744 Train Loss: 10.345053672790527
INFO     Train epoch: 0 step: 124 Tokens seen: 15872 Train Loss: 10.467060089111328
INFO     Train epoch: 0 step: 125 Tokens seen: 16000 Train Loss: 10.506092071533203
INFO     Train epoch: 0 step: 126 Tokens seen: 16128 Train Loss: 10.388935089111328
INFO     Train epoch: 0 step: 127 Tokens seen: 16256 Train Loss: 10.180207252502441
INFO     Train epoch: 0 step: 128 Tokens seen: 16384 Train Loss: 10.490504264831543
INFO     Train epoch: 0 step: 129 Tokens seen: 16512 Train Loss: 10.586546897888184
INFO     Train epoch: 0 step: 130 Tokens seen: 16640 Train Loss: 10.087239265441895
INFO     Train epoch: 0 step: 131 Tokens seen: 16768 Train Loss: 10.301370620727539
INFO     Train epoch: 0 step: 132 Tokens seen: 16896 Train Loss: 10.616880416870117
INFO     Train epoch: 0 step: 133 Tokens seen: 17024 Train Loss: 10.219515800476074
INFO     Train epoch: 0 step: 134 Tokens seen: 17152 Train Loss: 10.46147346496582
INFO     Train epoch: 0 step: 135 Tokens seen: 17280 Train Loss: 10.037542343139648
INFO     Train epoch: 0 step: 136 Tokens seen: 17408 Train Loss: 10.522812843322754
INFO     Train epoch: 0 step: 137 Tokens seen: 17536 Train Loss: 10.487371444702148
INFO     Train epoch: 0 step: 138 Tokens seen: 17664 Train Loss: 10.06988525390625
INFO     Train epoch: 0 step: 139 Tokens seen: 17792 Train Loss: 10.203737258911133
INFO     Train epoch: 0 step: 140 Tokens seen: 17920 Train Loss: 10.448322296142578
INFO     Train epoch: 0 step: 141 Tokens seen: 18048 Train Loss: 10.245804786682129
INFO     Train epoch: 0 step: 142 Tokens seen: 18176 Train Loss: 10.4380521774292
INFO     Train epoch: 0 step: 143 Tokens seen: 18304 Train Loss: 10.30997085571289
INFO     Train epoch: 0 step: 144 Tokens seen: 18432 Train Loss: 10.001141548156738
INFO     Train epoch: 0 step: 145 Tokens seen: 18560 Train Loss: 10.449718475341797
INFO     Train epoch: 0 step: 146 Tokens seen: 18688 Train Loss: 10.362420082092285
INFO     Train epoch: 0 step: 147 Tokens seen: 18816 Train Loss: 10.613529205322266
INFO     Train epoch: 0 step: 148 Tokens seen: 18944 Train Loss: 10.331488609313965
INFO     Train epoch: 0 step: 149 Tokens seen: 19072 Train Loss: 10.2142915725708
INFO     Train epoch: 0 step: 150 Tokens seen: 19200 Train Loss: 10.055627822875977
INFO     Eval Step: 150 Tokens seen: 19200 Val Loss : 10.284956523350306
INFO     Train epoch: 0 step: 151 Tokens seen: 19328 Train Loss: 10.155405044555664
INFO     Train epoch: 0 step: 152 Tokens seen: 19456 Train Loss: 10.088749885559082
INFO     Train epoch: 0 step: 153 Tokens seen: 19584 Train Loss: 10.580134391784668
INFO     Train epoch: 0 step: 154 Tokens seen: 19712 Train Loss: 9.803243637084961
INFO     Train epoch: 0 step: 155 Tokens seen: 19840 Train Loss: 10.359918594360352
INFO     Train epoch: 0 step: 156 Tokens seen: 19968 Train Loss: 10.195281982421875
INFO     Train epoch: 0 step: 157 Tokens seen: 20096 Train Loss: 10.287564277648926
INFO     Train epoch: 0 step: 158 Tokens seen: 20224 Train Loss: 10.08154010772705
INFO     Train epoch: 0 step: 159 Tokens seen: 20352 Train Loss: 10.356976509094238
INFO     Train epoch: 0 step: 160 Tokens seen: 20480 Train Loss: 10.237643241882324
INFO     Train epoch: 0 step: 161 Tokens seen: 20608 Train Loss: 10.19703483581543
INFO     Train epoch: 0 step: 162 Tokens seen: 20736 Train Loss: 9.779276847839355
INFO     Train epoch: 0 step: 163 Tokens seen: 20864 Train Loss: 10.585756301879883
INFO     Train epoch: 0 step: 164 Tokens seen: 20992 Train Loss: 9.854656219482422
INFO     Train epoch: 0 step: 165 Tokens seen: 21120 Train Loss: 10.271970748901367
INFO     Train epoch: 0 step: 166 Tokens seen: 21248 Train Loss: 10.1153564453125
INFO     Train epoch: 0 step: 167 Tokens seen: 21376 Train Loss: 10.16189956665039
INFO     Train epoch: 0 step: 168 Tokens seen: 21504 Train Loss: 10.412810325622559
INFO     Train epoch: 0 step: 169 Tokens seen: 21632 Train Loss: 10.291743278503418
INFO     Train epoch: 0 step: 170 Tokens seen: 21760 Train Loss: 9.89920425415039
INFO     Train epoch: 0 step: 171 Tokens seen: 21888 Train Loss: 9.95044994354248
INFO     Train epoch: 0 step: 172 Tokens seen: 22016 Train Loss: 10.166365623474121
INFO     Train epoch: 0 step: 173 Tokens seen: 22144 Train Loss: 10.199413299560547
INFO     Train epoch: 0 step: 174 Tokens seen: 22272 Train Loss: 10.126049041748047
INFO     Train epoch: 0 step: 175 Tokens seen: 22400 Train Loss: 10.112252235412598
INFO     Train epoch: 0 step: 176 Tokens seen: 22528 Train Loss: 10.337359428405762
INFO     Train epoch: 0 step: 177 Tokens seen: 22656 Train Loss: 9.939693450927734
INFO     Train epoch: 0 step: 178 Tokens seen: 22784 Train Loss: 10.131424903869629
INFO     Train epoch: 0 step: 179 Tokens seen: 22912 Train Loss: 10.541897773742676
INFO     Train epoch: 0 step: 180 Tokens seen: 23040 Train Loss: 10.311522483825684
INFO     Train epoch: 0 step: 181 Tokens seen: 23168 Train Loss: 10.41533374786377
INFO     Train epoch: 0 step: 182 Tokens seen: 23296 Train Loss: 10.200435638427734
INFO     Train epoch: 0 step: 183 Tokens seen: 23424 Train Loss: 10.0423583984375
INFO     Train epoch: 0 step: 184 Tokens seen: 23552 Train Loss: 10.080382347106934
INFO     Train epoch: 0 step: 185 Tokens seen: 23680 Train Loss: 9.782063484191895
INFO     Train epoch: 0 step: 186 Tokens seen: 23808 Train Loss: 9.848514556884766
INFO     Train epoch: 0 step: 187 Tokens seen: 23936 Train Loss: 10.142633438110352
INFO     Train epoch: 0 step: 188 Tokens seen: 24064 Train Loss: 10.10528564453125
INFO     Train epoch: 0 step: 189 Tokens seen: 24192 Train Loss: 10.626032829284668
INFO     Train epoch: 0 step: 190 Tokens seen: 24320 Train Loss: 9.925200462341309
INFO     Train epoch: 0 step: 191 Tokens seen: 24448 Train Loss: 10.27751636505127
INFO     Train epoch: 0 step: 192 Tokens seen: 24576 Train Loss: 9.899991035461426
INFO     Train epoch: 0 step: 193 Tokens seen: 24704 Train Loss: 9.82802677154541
INFO     Train epoch: 0 step: 194 Tokens seen: 24832 Train Loss: 9.821601867675781
INFO     Train epoch: 0 step: 195 Tokens seen: 24960 Train Loss: 10.151636123657227
INFO     Train epoch: 0 step: 196 Tokens seen: 25088 Train Loss: 10.126236915588379
INFO     Train epoch: 0 step: 197 Tokens seen: 25216 Train Loss: 9.840718269348145
INFO     Train epoch: 0 step: 198 Tokens seen: 25344 Train Loss: 10.413772583007812
INFO     Train epoch: 0 step: 199 Tokens seen: 25472 Train Loss: 10.000365257263184
INFO     Train epoch: 0 step: 200 Tokens seen: 25600 Train Loss: 9.969289779663086
INFO     Eval Step: 200 Tokens seen: 25600 Val Loss : 9.867171287536621
INFO     Checkpoint Saved | Train loss: 9.969289779663086 | Eval loss: 9.867171287536621
INFO     Train epoch: 0 step: 201 Tokens seen: 25728 Train Loss: 10.098113059997559
INFO     Train epoch: 0 step: 202 Tokens seen: 25856 Train Loss: 10.02916431427002
INFO     Train epoch: 0 step: 203 Tokens seen: 25984 Train Loss: 10.21500301361084
INFO     Train epoch: 0 step: 204 Tokens seen: 26112 Train Loss: 10.242387771606445
INFO     Train epoch: 0 step: 205 Tokens seen: 26240 Train Loss: 10.31674861907959
INFO     Train epoch: 0 step: 206 Tokens seen: 26368 Train Loss: 10.014967918395996
INFO     Train epoch: 0 step: 207 Tokens seen: 26496 Train Loss: 10.079534530639648
INFO     Train epoch: 0 step: 208 Tokens seen: 26624 Train Loss: 10.310935974121094
INFO     Train epoch: 0 step: 209 Tokens seen: 26752 Train Loss: 9.994935989379883
INFO     Train epoch: 0 step: 210 Tokens seen: 26880 Train Loss: 9.966136932373047
INFO     Train epoch: 0 step: 211 Tokens seen: 27008 Train Loss: 10.070290565490723
INFO     Train epoch: 0 step: 212 Tokens seen: 27136 Train Loss: 9.879090309143066
INFO     Train epoch: 0 step: 213 Tokens seen: 27264 Train Loss: 9.793192863464355
INFO     Train epoch: 0 step: 214 Tokens seen: 27392 Train Loss: 9.848905563354492
INFO     Train epoch: 0 step: 215 Tokens seen: 27520 Train Loss: 10.349376678466797
INFO     Train epoch: 0 step: 216 Tokens seen: 27648 Train Loss: 9.705205917358398
INFO     Train epoch: 0 step: 217 Tokens seen: 27776 Train Loss: 10.192825317382812
INFO     Train epoch: 0 step: 218 Tokens seen: 27904 Train Loss: 10.135467529296875
INFO     Train epoch: 0 step: 219 Tokens seen: 28032 Train Loss: 10.378630638122559
INFO     Train epoch: 0 step: 220 Tokens seen: 28160 Train Loss: 9.923007011413574
INFO     Train epoch: 0 step: 221 Tokens seen: 28288 Train Loss: 9.746597290039062
INFO     Train epoch: 0 step: 222 Tokens seen: 28416 Train Loss: 9.817951202392578
INFO     Train epoch: 0 step: 223 Tokens seen: 28544 Train Loss: 9.781892776489258
INFO     Train epoch: 0 step: 224 Tokens seen: 28672 Train Loss: 9.678546905517578
INFO     Train epoch: 0 step: 225 Tokens seen: 28800 Train Loss: 9.737737655639648
INFO     Train epoch: 0 step: 226 Tokens seen: 28928 Train Loss: 9.698322296142578
INFO     Train epoch: 0 step: 227 Tokens seen: 29056 Train Loss: 9.678966522216797
INFO     Train epoch: 0 step: 228 Tokens seen: 29184 Train Loss: 9.743572235107422
INFO     Train epoch: 0 step: 229 Tokens seen: 29312 Train Loss: 9.817601203918457
INFO     Train epoch: 0 step: 230 Tokens seen: 29440 Train Loss: 10.180753707885742
INFO     Train epoch: 0 step: 231 Tokens seen: 29568 Train Loss: 10.18433666229248
INFO     Train epoch: 0 step: 232 Tokens seen: 29696 Train Loss: 9.7949857711792
INFO     Train epoch: 0 step: 233 Tokens seen: 29824 Train Loss: 9.901247024536133
INFO     Train epoch: 0 step: 234 Tokens seen: 29952 Train Loss: 9.840595245361328
INFO     Train epoch: 0 step: 235 Tokens seen: 30080 Train Loss: 9.83527660369873
INFO     Train epoch: 0 step: 236 Tokens seen: 30208 Train Loss: 9.829218864440918
INFO     Train epoch: 0 step: 237 Tokens seen: 30336 Train Loss: 9.806709289550781
INFO     Train epoch: 0 step: 238 Tokens seen: 30464 Train Loss: 9.786813735961914
INFO     Train epoch: 0 step: 239 Tokens seen: 30592 Train Loss: 9.728487968444824
INFO     Train epoch: 0 step: 240 Tokens seen: 30720 Train Loss: 9.808026313781738
INFO     Train epoch: 0 step: 241 Tokens seen: 30848 Train Loss: 9.463136672973633
INFO     Train epoch: 0 step: 242 Tokens seen: 30976 Train Loss: 9.596212387084961
INFO     Train epoch: 0 step: 243 Tokens seen: 31104 Train Loss: 9.593737602233887
INFO     Train epoch: 0 step: 244 Tokens seen: 31232 Train Loss: 10.174510955810547
INFO     Train epoch: 0 step: 245 Tokens seen: 31360 Train Loss: 9.972465515136719
INFO     Train epoch: 0 step: 246 Tokens seen: 31488 Train Loss: 9.871993064880371
INFO     Train epoch: 0 step: 247 Tokens seen: 31616 Train Loss: 10.1010160446167
INFO     Train epoch: 0 step: 248 Tokens seen: 31744 Train Loss: 9.58928394317627
INFO     Train epoch: 0 step: 249 Tokens seen: 31872 Train Loss: 9.627470016479492
INFO     Train epoch: 0 step: 250 Tokens seen: 32000 Train Loss: 9.62841796875
INFO     Eval Step: 250 Tokens seen: 32000 Val Loss : 9.54565920148577
INFO     Train epoch: 0 step: 251 Tokens seen: 32128 Train Loss: 9.419764518737793
INFO     Train epoch: 0 step: 252 Tokens seen: 32256 Train Loss: 9.575881004333496
INFO     Train epoch: 0 step: 253 Tokens seen: 32384 Train Loss: 9.643732070922852
INFO     Train epoch: 0 step: 254 Tokens seen: 32512 Train Loss: 9.961996078491211
INFO     Train epoch: 0 step: 255 Tokens seen: 32640 Train Loss: 10.087291717529297
INFO     Train epoch: 0 step: 256 Tokens seen: 32768 Train Loss: 9.301216125488281
INFO     Train epoch: 0 step: 257 Tokens seen: 32896 Train Loss: 9.606258392333984
INFO     Train epoch: 0 step: 258 Tokens seen: 33024 Train Loss: 9.901090621948242
INFO     Train epoch: 0 step: 259 Tokens seen: 33152 Train Loss: 9.592848777770996
INFO     Train epoch: 0 step: 260 Tokens seen: 33280 Train Loss: 9.72024917602539
INFO     Train epoch: 0 step: 261 Tokens seen: 33408 Train Loss: 10.233088493347168
INFO     Train epoch: 0 step: 262 Tokens seen: 33536 Train Loss: 9.782638549804688
INFO     Train epoch: 0 step: 263 Tokens seen: 33664 Train Loss: 9.453692436218262
INFO     Train epoch: 0 step: 264 Tokens seen: 33792 Train Loss: 9.57792854309082
INFO     Train epoch: 0 step: 265 Tokens seen: 33920 Train Loss: 9.711421012878418
INFO     Train epoch: 0 step: 266 Tokens seen: 34048 Train Loss: 9.328818321228027
INFO     Train epoch: 0 step: 267 Tokens seen: 34176 Train Loss: 9.966150283813477
INFO     Train epoch: 0 step: 268 Tokens seen: 34304 Train Loss: 9.728586196899414
INFO     Train epoch: 0 step: 269 Tokens seen: 34432 Train Loss: 9.614633560180664
INFO     Train epoch: 0 step: 270 Tokens seen: 34560 Train Loss: 9.921876907348633
INFO     Train epoch: 0 step: 271 Tokens seen: 34688 Train Loss: 9.96438217163086
INFO     Train epoch: 0 step: 272 Tokens seen: 34816 Train Loss: 9.283888816833496
INFO     Train epoch: 0 step: 273 Tokens seen: 34944 Train Loss: 9.938352584838867
INFO     Train epoch: 0 step: 274 Tokens seen: 35072 Train Loss: 9.77430248260498
INFO     Train epoch: 0 step: 275 Tokens seen: 35200 Train Loss: 9.266386032104492
INFO     Train epoch: 0 step: 276 Tokens seen: 35328 Train Loss: 9.981125831604004
INFO     Train epoch: 0 step: 277 Tokens seen: 35456 Train Loss: 8.729048728942871
INFO     Train epoch: 0 step: 278 Tokens seen: 35584 Train Loss: 9.591962814331055
INFO     Train epoch: 0 step: 279 Tokens seen: 35712 Train Loss: 9.635973930358887
INFO     Train epoch: 0 step: 280 Tokens seen: 35840 Train Loss: 9.543310165405273
INFO     Train epoch: 0 step: 281 Tokens seen: 35968 Train Loss: 9.549298286437988
INFO     Train epoch: 0 step: 282 Tokens seen: 36096 Train Loss: 9.673057556152344
INFO     Train epoch: 0 step: 283 Tokens seen: 36224 Train Loss: 9.626372337341309
INFO     Train epoch: 0 step: 284 Tokens seen: 36352 Train Loss: 9.558602333068848
INFO     Train epoch: 0 step: 285 Tokens seen: 36480 Train Loss: 9.406259536743164
INFO     Train epoch: 0 step: 286 Tokens seen: 36608 Train Loss: 9.579549789428711
INFO     Train epoch: 0 step: 287 Tokens seen: 36736 Train Loss: 9.342397689819336
INFO     Train epoch: 0 step: 288 Tokens seen: 36864 Train Loss: 9.882115364074707
INFO     Train epoch: 0 step: 289 Tokens seen: 36992 Train Loss: 9.348758697509766
INFO     Train epoch: 0 step: 290 Tokens seen: 37120 Train Loss: 9.581297874450684
INFO     Train epoch: 0 step: 291 Tokens seen: 37248 Train Loss: 9.509618759155273
INFO     Train epoch: 0 step: 292 Tokens seen: 37376 Train Loss: 9.34350872039795
INFO     Train epoch: 0 step: 293 Tokens seen: 37504 Train Loss: 9.365918159484863
INFO     Train epoch: 0 step: 294 Tokens seen: 37632 Train Loss: 9.433923721313477
INFO     Train epoch: 0 step: 295 Tokens seen: 37760 Train Loss: 9.413643836975098
INFO     Train epoch: 0 step: 296 Tokens seen: 37888 Train Loss: 9.743764877319336
INFO     Train epoch: 0 step: 297 Tokens seen: 38016 Train Loss: 9.394939422607422
INFO     Train epoch: 0 step: 298 Tokens seen: 38144 Train Loss: 9.653599739074707
INFO     Train epoch: 0 step: 299 Tokens seen: 38272 Train Loss: 9.582658767700195
INFO     Train epoch: 0 step: 300 Tokens seen: 38400 Train Loss: 9.557123184204102
INFO     Eval Step: 300 Tokens seen: 38400 Val Loss : 9.456817081996373
INFO     Checkpoint Saved | Train loss: 9.557123184204102 | Eval loss: 9.456817081996373
INFO     Train epoch: 0 step: 301 Tokens seen: 38528 Train Loss: 10.093340873718262
INFO     Train epoch: 0 step: 302 Tokens seen: 38656 Train Loss: 9.438156127929688
INFO     Train epoch: 0 step: 303 Tokens seen: 38784 Train Loss: 9.380814552307129
INFO     Train epoch: 0 step: 304 Tokens seen: 38912 Train Loss: 9.745047569274902
INFO     Train epoch: 0 step: 305 Tokens seen: 39040 Train Loss: 9.288143157958984
INFO     Train epoch: 0 step: 306 Tokens seen: 39168 Train Loss: 9.436321258544922
INFO     Train epoch: 0 step: 307 Tokens seen: 39296 Train Loss: 9.464279174804688
INFO     Train epoch: 0 step: 308 Tokens seen: 39424 Train Loss: 9.436610221862793
INFO     Train epoch: 0 step: 309 Tokens seen: 39552 Train Loss: 9.37433910369873
INFO     Train epoch: 0 step: 310 Tokens seen: 39680 Train Loss: 9.511924743652344
INFO     Train epoch: 0 step: 311 Tokens seen: 39808 Train Loss: 9.258543014526367
INFO     Train epoch: 0 step: 312 Tokens seen: 39936 Train Loss: 8.860196113586426
INFO     Train epoch: 0 step: 313 Tokens seen: 40064 Train Loss: 9.219968795776367
INFO     Train epoch: 0 step: 314 Tokens seen: 40192 Train Loss: 9.420309066772461
INFO     Train epoch: 0 step: 315 Tokens seen: 40320 Train Loss: 9.601432800292969
INFO     Train epoch: 0 step: 316 Tokens seen: 40448 Train Loss: 9.573772430419922
INFO     Train epoch: 0 step: 317 Tokens seen: 40576 Train Loss: 9.380200386047363
INFO     Train epoch: 0 step: 318 Tokens seen: 40704 Train Loss: 9.457440376281738
INFO     Train epoch: 0 step: 319 Tokens seen: 40832 Train Loss: 9.318978309631348
INFO     Train epoch: 0 step: 320 Tokens seen: 40960 Train Loss: 9.648293495178223
INFO     Train epoch: 0 step: 321 Tokens seen: 41088 Train Loss: 9.554600715637207
INFO     Train epoch: 0 step: 322 Tokens seen: 41216 Train Loss: 9.396575927734375
INFO     Train epoch: 0 step: 323 Tokens seen: 41344 Train Loss: 9.511075973510742
INFO     Train epoch: 0 step: 324 Tokens seen: 41472 Train Loss: 9.022656440734863
INFO     Train epoch: 0 step: 325 Tokens seen: 41600 Train Loss: 9.271920204162598
INFO     Train epoch: 0 step: 326 Tokens seen: 41728 Train Loss: 9.312617301940918
INFO     Train epoch: 0 step: 327 Tokens seen: 41856 Train Loss: 9.693655014038086
INFO     Train epoch: 0 step: 328 Tokens seen: 41984 Train Loss: 9.475756645202637
INFO     Train epoch: 0 step: 329 Tokens seen: 42112 Train Loss: 9.283455848693848
INFO     Train epoch: 0 step: 330 Tokens seen: 42240 Train Loss: 8.847254753112793
INFO     Train epoch: 0 step: 331 Tokens seen: 42368 Train Loss: 9.199380874633789
INFO     Train epoch: 0 step: 332 Tokens seen: 42496 Train Loss: 8.8649320602417
INFO     Train epoch: 0 step: 333 Tokens seen: 42624 Train Loss: 9.068449974060059
INFO     Train epoch: 0 step: 334 Tokens seen: 42752 Train Loss: 9.612920761108398
INFO     Train epoch: 0 step: 335 Tokens seen: 42880 Train Loss: 9.524718284606934
INFO     Train epoch: 0 step: 336 Tokens seen: 43008 Train Loss: 9.31287670135498
INFO     Train epoch: 0 step: 337 Tokens seen: 43136 Train Loss: 9.584057807922363
INFO     Train epoch: 0 step: 338 Tokens seen: 43264 Train Loss: 8.948074340820312
INFO     Train epoch: 0 step: 339 Tokens seen: 43392 Train Loss: 9.208882331848145
INFO     Train epoch: 0 step: 340 Tokens seen: 43520 Train Loss: 9.834761619567871
INFO     Train epoch: 0 step: 341 Tokens seen: 43648 Train Loss: 8.907709121704102
INFO     Eval Step: 341 Tokens seen: 43648 Val Loss : 9.329004560198102
INFO     Epoch 0 ended with train loss 2.535889270368559 validation loss 9.329004560198102
